"hora_completa","hora","minuto","segundo","franja_horaria","es_hora_punta","id_hora"
"00:01:00","00","01","00","00:00 - 04:59","no_es_hora_punta",0
"00:02:00","00","02","00","00:00 - 04:59","no_es_hora_punta",1
"00:05:00","00","05","00","00:00 - 04:59","no_es_hora_punta",2
"00:07:00","00","07","00","00:00 - 04:59","no_es_hora_punta",3
"00:08:00","00","08","00","00:00 - 04:59","no_es_hora_punta",4
"00:09:00","00","09","00","00:00 - 04:59","no_es_hora_punta",5
"00:10:00","00","10","00","00:00 - 04:59","no_es_hora_punta",6
"00:13:00","00","13","00","00:00 - 04:59","no_es_hora_punta",7
"00:15:00","00","15","00","00:00 - 04:59","no_es_hora_punta",8
"00:16:00","00","16","00","00:00 - 04:59","no_es_hora_punta",9
"00:17:00","00","17","00","00:00 - 04:59","no_es_hora_punta",10
"00:18:00","00","18","00","00:00 - 04:59","no_es_hora_punta",11
"00:19:00","00","19","00","00:00 - 04:59","no_es_hora_punta",12
"00:20:00","00","20","00","00:00 - 04:59","no_es_hora_punta",13
"00:21:00","00","21","00","00:00 - 04:59","no_es_hora_punta",14
"00:22:00","00","22","00","00:00 - 04:59","no_es_hora_punta",15
"00:23:00","00","23","00","00:00 - 04:59","no_es_hora_punta",16
"00:24:00","00","24","00","00:00 - 04:59","no_es_hora_punta",17
"00:25:00","00","25","00","00:00 - 04:59","no_es_hora_punta",18
"00:27:00","00","27","00","00:00 - 04:59","no_es_hora_punta",19
"00:28:00","00","28","00","00:00 - 04:59","no_es_hora_punta",20
"00:29:00","00","29","00","00:00 - 04:59","no_es_hora_punta",21
"00:30:00","00","30","00","00:00 - 04:59","no_es_hora_punta",22
"00:31:00","00","31","00","00:00 - 04:59","no_es_hora_punta",23
"00:32:00","00","32","00","00:00 - 04:59","no_es_hora_punta",24
"00:33:00","00","33","00","00:00 - 04:59","no_es_hora_punta",25
"00:34:00","00","34","00","00:00 - 04:59","no_es_hora_punta",26
"00:35:00","00","35","00","00:00 - 04:59","no_es_hora_punta",27
"00:37:00","00","37","00","00:00 - 04:59","no_es_hora_punta",28
"00:38:00","00","38","00","00:00 - 04:59","no_es_hora_punta",29
"00:39:00","00","39","00","00:00 - 04:59","no_es_hora_punta",30
"00:40:00","00","40","00","00:00 - 04:59","no_es_hora_punta",31
"00:42:00","00","42","00","00:00 - 04:59","no_es_hora_punta",32
"00:43:00","00","43","00","00:00 - 04:59","no_es_hora_punta",33
"00:44:00","00","44","00","00:00 - 04:59","no_es_hora_punta",34
"00:45:00","00","45","00","00:00 - 04:59","no_es_hora_punta",35
"00:47:00","00","47","00","00:00 - 04:59","no_es_hora_punta",36
"00:49:00","00","49","00","00:00 - 04:59","no_es_hora_punta",37
"00:50:00","00","50","00","00:00 - 04:59","no_es_hora_punta",38
"00:53:00","00","53","00","00:00 - 04:59","no_es_hora_punta",39
"00:54:00","00","54","00","00:00 - 04:59","no_es_hora_punta",40
"00:55:00","00","55","00","00:00 - 04:59","no_es_hora_punta",41
"00:56:00","00","56","00","00:00 - 04:59","no_es_hora_punta",42
"00:57:00","00","57","00","00:00 - 04:59","no_es_hora_punta",43
"00:58:00","00","58","00","00:00 - 04:59","no_es_hora_punta",44
"00:59:00","00","59","00","00:00 - 04:59","no_es_hora_punta",45
"01:00:00","01","00","00","00:00 - 04:59","no_es_hora_punta",46
"01:01:00","01","01","00","00:00 - 04:59","no_es_hora_punta",47
"01:05:00","01","05","00","00:00 - 04:59","no_es_hora_punta",48
"01:08:00","01","08","00","00:00 - 04:59","no_es_hora_punta",49
"01:09:00","01","09","00","00:00 - 04:59","no_es_hora_punta",50
"01:10:00","01","10","00","00:00 - 04:59","no_es_hora_punta",51
"01:15:00","01","15","00","00:00 - 04:59","no_es_hora_punta",52
"01:20:00","01","20","00","00:00 - 04:59","no_es_hora_punta",53
"01:22:00","01","22","00","00:00 - 04:59","no_es_hora_punta",54
"01:25:00","01","25","00","00:00 - 04:59","no_es_hora_punta",55
"01:26:00","01","26","00","00:00 - 04:59","no_es_hora_punta",56
"01:30:00","01","30","00","00:00 - 04:59","no_es_hora_punta",57
"01:31:00","01","31","00","00:00 - 04:59","no_es_hora_punta",58
"01:34:00","01","34","00","00:00 - 04:59","no_es_hora_punta",59
"01:35:00","01","35","00","00:00 - 04:59","no_es_hora_punta",60
"01:39:00","01","39","00","00:00 - 04:59","no_es_hora_punta",61
"01:45:00","01","45","00","00:00 - 04:59","no_es_hora_punta",62
"01:46:00","01","46","00","00:00 - 04:59","no_es_hora_punta",63
"01:49:00","01","49","00","00:00 - 04:59","no_es_hora_punta",64
"01:50:00","01","50","00","00:00 - 04:59","no_es_hora_punta",65
"01:52:00","01","52","00","00:00 - 04:59","no_es_hora_punta",66
"01:58:00","01","58","00","00:00 - 04:59","no_es_hora_punta",67
"01:59:00","01","59","00","00:00 - 04:59","no_es_hora_punta",68
"02:00:00","02","00","00","00:00 - 04:59","no_es_hora_punta",69
"02:05:00","02","05","00","00:00 - 04:59","no_es_hora_punta",70
"02:17:00","02","17","00","00:00 - 04:59","no_es_hora_punta",71
"02:30:00","02","30","00","00:00 - 04:59","no_es_hora_punta",72
"02:31:00","02","31","00","00:00 - 04:59","no_es_hora_punta",73
"02:34:00","02","34","00","00:00 - 04:59","no_es_hora_punta",74
"02:39:00","02","39","00","00:00 - 04:59","no_es_hora_punta",75
"02:44:00","02","44","00","00:00 - 04:59","no_es_hora_punta",76
"02:46:00","02","46","00","00:00 - 04:59","no_es_hora_punta",77
"02:51:00","02","51","00","00:00 - 04:59","no_es_hora_punta",78
"02:54:00","02","54","00","00:00 - 04:59","no_es_hora_punta",79
"02:55:00","02","55","00","00:00 - 04:59","no_es_hora_punta",80
"02:56:00","02","56","00","00:00 - 04:59","no_es_hora_punta",81
"02:59:00","02","59","00","00:00 - 04:59","no_es_hora_punta",82
"03:00:00","03","00","00","00:00 - 04:59","no_es_hora_punta",83
"03:04:00","03","04","00","00:00 - 04:59","no_es_hora_punta",84
"03:05:00","03","05","00","00:00 - 04:59","no_es_hora_punta",85
"03:18:00","03","18","00","00:00 - 04:59","no_es_hora_punta",86
"03:20:00","03","20","00","00:00 - 04:59","no_es_hora_punta",87
"03:24:00","03","24","00","00:00 - 04:59","no_es_hora_punta",88
"03:26:00","03","26","00","00:00 - 04:59","no_es_hora_punta",89
"03:30:00","03","30","00","00:00 - 04:59","no_es_hora_punta",90
"03:35:00","03","35","00","00:00 - 04:59","no_es_hora_punta",91
"03:38:00","03","38","00","00:00 - 04:59","no_es_hora_punta",92
"03:39:00","03","39","00","00:00 - 04:59","no_es_hora_punta",93
"03:44:00","03","44","00","00:00 - 04:59","no_es_hora_punta",94
"03:46:00","03","46","00","00:00 - 04:59","no_es_hora_punta",95
"03:49:00","03","49","00","00:00 - 04:59","no_es_hora_punta",96
"03:51:00","03","51","00","00:00 - 04:59","no_es_hora_punta",97
"03:52:00","03","52","00","00:00 - 04:59","no_es_hora_punta",98
"03:54:00","03","54","00","00:00 - 04:59","no_es_hora_punta",99
"03:56:00","03","56","00","00:00 - 04:59","no_es_hora_punta",100
"03:59:00","03","59","00","00:00 - 04:59","no_es_hora_punta",101
"04:00:00","04","00","00","00:00 - 04:59","no_es_hora_punta",102
"04:05:00","04","05","00","00:00 - 04:59","no_es_hora_punta",103
"04:10:00","04","10","00","00:00 - 04:59","no_es_hora_punta",104
"04:24:00","04","24","00","00:00 - 04:59","no_es_hora_punta",105
"04:26:00","04","26","00","00:00 - 04:59","no_es_hora_punta",106
"04:30:00","04","30","00","00:00 - 04:59","no_es_hora_punta",107
"04:33:00","04","33","00","00:00 - 04:59","no_es_hora_punta",108
"04:38:00","04","38","00","00:00 - 04:59","no_es_hora_punta",109
"04:39:00","04","39","00","00:00 - 04:59","no_es_hora_punta",110
"04:40:00","04","40","00","00:00 - 04:59","no_es_hora_punta",111
"04:41:00","04","41","00","00:00 - 04:59","no_es_hora_punta",112
"05:00:00","05","00","00","05:00 - 11:59","no_es_hora_punta",113
"05:01:00","05","01","00","05:00 - 11:59","no_es_hora_punta",114
"05:02:00","05","02","00","05:00 - 11:59","no_es_hora_punta",115
"05:03:00","05","03","00","05:00 - 11:59","no_es_hora_punta",116
"05:04:00","05","04","00","05:00 - 11:59","no_es_hora_punta",117
"05:05:00","05","05","00","05:00 - 11:59","no_es_hora_punta",118
"05:06:00","05","06","00","05:00 - 11:59","no_es_hora_punta",119
"05:07:00","05","07","00","05:00 - 11:59","no_es_hora_punta",120
"05:08:00","05","08","00","05:00 - 11:59","no_es_hora_punta",121
"05:09:00","05","09","00","05:00 - 11:59","no_es_hora_punta",122
"05:10:00","05","10","00","05:00 - 11:59","no_es_hora_punta",123
"05:11:00","05","11","00","05:00 - 11:59","no_es_hora_punta",124
"05:12:00","05","12","00","05:00 - 11:59","no_es_hora_punta",125
"05:13:00","05","13","00","05:00 - 11:59","no_es_hora_punta",126
"05:14:00","05","14","00","05:00 - 11:59","no_es_hora_punta",127
"05:15:00","05","15","00","05:00 - 11:59","no_es_hora_punta",128
"05:16:00","05","16","00","05:00 - 11:59","no_es_hora_punta",129
"05:17:00","05","17","00","05:00 - 11:59","no_es_hora_punta",130
"05:18:00","05","18","00","05:00 - 11:59","no_es_hora_punta",131
"05:19:00","05","19","00","05:00 - 11:59","no_es_hora_punta",132
"05:20:00","05","20","00","05:00 - 11:59","no_es_hora_punta",133
"05:21:00","05","21","00","05:00 - 11:59","no_es_hora_punta",134
"05:22:00","05","22","00","05:00 - 11:59","no_es_hora_punta",135
"05:23:00","05","23","00","05:00 - 11:59","no_es_hora_punta",136
"05:24:00","05","24","00","05:00 - 11:59","no_es_hora_punta",137
"05:25:00","05","25","00","05:00 - 11:59","no_es_hora_punta",138
"05:26:00","05","26","00","05:00 - 11:59","no_es_hora_punta",139
"05:27:00","05","27","00","05:00 - 11:59","no_es_hora_punta",140
"05:28:00","05","28","00","05:00 - 11:59","no_es_hora_punta",141
"05:29:00","05","29","00","05:00 - 11:59","no_es_hora_punta",142
"05:30:00","05","30","00","05:00 - 11:59","no_es_hora_punta",143
"05:31:00","05","31","00","05:00 - 11:59","no_es_hora_punta",144
"05:32:00","05","32","00","05:00 - 11:59","no_es_hora_punta",145
"05:33:00","05","33","00","05:00 - 11:59","no_es_hora_punta",146
"05:34:00","05","34","00","05:00 - 11:59","no_es_hora_punta",147
"05:35:00","05","35","00","05:00 - 11:59","no_es_hora_punta",148
"05:36:00","05","36","00","05:00 - 11:59","no_es_hora_punta",149
"05:37:00","05","37","00","05:00 - 11:59","no_es_hora_punta",150
"05:38:00","05","38","00","05:00 - 11:59","no_es_hora_punta",151
"05:39:00","05","39","00","05:00 - 11:59","no_es_hora_punta",152
"05:40:00","05","40","00","05:00 - 11:59","no_es_hora_punta",153
"05:41:00","05","41","00","05:00 - 11:59","no_es_hora_punta",154
"05:42:00","05","42","00","05:00 - 11:59","no_es_hora_punta",155
"05:43:00","05","43","00","05:00 - 11:59","no_es_hora_punta",156
"05:44:00","05","44","00","05:00 - 11:59","no_es_hora_punta",157
"05:45:00","05","45","00","05:00 - 11:59","no_es_hora_punta",158
"05:46:00","05","46","00","05:00 - 11:59","no_es_hora_punta",159
"05:47:00","05","47","00","05:00 - 11:59","no_es_hora_punta",160
"05:48:00","05","48","00","05:00 - 11:59","no_es_hora_punta",161
"05:49:00","05","49","00","05:00 - 11:59","no_es_hora_punta",162
"05:50:00","05","50","00","05:00 - 11:59","no_es_hora_punta",163
"05:51:00","05","51","00","05:00 - 11:59","no_es_hora_punta",164
"05:52:00","05","52","00","05:00 - 11:59","no_es_hora_punta",165
"05:53:00","05","53","00","05:00 - 11:59","no_es_hora_punta",166
"05:54:00","05","54","00","05:00 - 11:59","no_es_hora_punta",167
"05:55:00","05","55","00","05:00 - 11:59","no_es_hora_punta",168
"05:56:00","05","56","00","05:00 - 11:59","no_es_hora_punta",169
"05:57:00","05","57","00","05:00 - 11:59","no_es_hora_punta",170
"05:58:00","05","58","00","05:00 - 11:59","no_es_hora_punta",171
"05:59:00","05","59","00","05:00 - 11:59","no_es_hora_punta",172
"06:00:00","06","00","00","05:00 - 11:59","no_es_hora_punta",173
"06:01:00","06","01","00","05:00 - 11:59","no_es_hora_punta",174
"06:02:00","06","02","00","05:00 - 11:59","no_es_hora_punta",175
"06:03:00","06","03","00","05:00 - 11:59","no_es_hora_punta",176
"06:04:00","06","04","00","05:00 - 11:59","no_es_hora_punta",177
"06:05:00","06","05","00","05:00 - 11:59","no_es_hora_punta",178
"06:06:00","06","06","00","05:00 - 11:59","no_es_hora_punta",179
"06:07:00","06","07","00","05:00 - 11:59","no_es_hora_punta",180
"06:08:00","06","08","00","05:00 - 11:59","no_es_hora_punta",181
"06:09:00","06","09","00","05:00 - 11:59","no_es_hora_punta",182
"06:10:00","06","10","00","05:00 - 11:59","no_es_hora_punta",183
"06:11:00","06","11","00","05:00 - 11:59","no_es_hora_punta",184
"06:12:00","06","12","00","05:00 - 11:59","no_es_hora_punta",185
"06:13:00","06","13","00","05:00 - 11:59","no_es_hora_punta",186
"06:14:00","06","14","00","05:00 - 11:59","no_es_hora_punta",187
"06:15:00","06","15","00","05:00 - 11:59","no_es_hora_punta",188
"06:16:00","06","16","00","05:00 - 11:59","no_es_hora_punta",189
"06:17:00","06","17","00","05:00 - 11:59","no_es_hora_punta",190
"06:18:00","06","18","00","05:00 - 11:59","no_es_hora_punta",191
"06:19:00","06","19","00","05:00 - 11:59","no_es_hora_punta",192
"06:20:00","06","20","00","05:00 - 11:59","no_es_hora_punta",193
"06:21:00","06","21","00","05:00 - 11:59","no_es_hora_punta",194
"06:22:00","06","22","00","05:00 - 11:59","no_es_hora_punta",195
"06:23:00","06","23","00","05:00 - 11:59","no_es_hora_punta",196
"06:24:00","06","24","00","05:00 - 11:59","no_es_hora_punta",197
"06:25:00","06","25","00","05:00 - 11:59","no_es_hora_punta",198
"06:26:00","06","26","00","05:00 - 11:59","no_es_hora_punta",199
"06:27:00","06","27","00","05:00 - 11:59","no_es_hora_punta",200
"06:28:00","06","28","00","05:00 - 11:59","no_es_hora_punta",201
"06:29:00","06","29","00","05:00 - 11:59","no_es_hora_punta",202
"06:30:00","06","30","00","05:00 - 11:59","no_es_hora_punta",203
"06:31:00","06","31","00","05:00 - 11:59","no_es_hora_punta",204
"06:32:00","06","32","00","05:00 - 11:59","no_es_hora_punta",205
"06:33:00","06","33","00","05:00 - 11:59","no_es_hora_punta",206
"06:34:00","06","34","00","05:00 - 11:59","no_es_hora_punta",207
"06:35:00","06","35","00","05:00 - 11:59","no_es_hora_punta",208
"06:36:00","06","36","00","05:00 - 11:59","no_es_hora_punta",209
"06:37:00","06","37","00","05:00 - 11:59","no_es_hora_punta",210
"06:38:00","06","38","00","05:00 - 11:59","no_es_hora_punta",211
"06:39:00","06","39","00","05:00 - 11:59","no_es_hora_punta",212
"06:40:00","06","40","00","05:00 - 11:59","no_es_hora_punta",213
"06:41:00","06","41","00","05:00 - 11:59","no_es_hora_punta",214
"06:42:00","06","42","00","05:00 - 11:59","no_es_hora_punta",215
"06:43:00","06","43","00","05:00 - 11:59","no_es_hora_punta",216
"06:44:00","06","44","00","05:00 - 11:59","no_es_hora_punta",217
"06:45:00","06","45","00","05:00 - 11:59","no_es_hora_punta",218
"06:46:00","06","46","00","05:00 - 11:59","no_es_hora_punta",219
"06:47:00","06","47","00","05:00 - 11:59","no_es_hora_punta",220
"06:48:00","06","48","00","05:00 - 11:59","no_es_hora_punta",221
"06:49:00","06","49","00","05:00 - 11:59","no_es_hora_punta",222
"06:50:00","06","50","00","05:00 - 11:59","no_es_hora_punta",223
"06:51:00","06","51","00","05:00 - 11:59","no_es_hora_punta",224
"06:52:00","06","52","00","05:00 - 11:59","no_es_hora_punta",225
"06:53:00","06","53","00","05:00 - 11:59","no_es_hora_punta",226
"06:54:00","06","54","00","05:00 - 11:59","no_es_hora_punta",227
"06:55:00","06","55","00","05:00 - 11:59","no_es_hora_punta",228
"06:56:00","06","56","00","05:00 - 11:59","no_es_hora_punta",229
"06:57:00","06","57","00","05:00 - 11:59","no_es_hora_punta",230
"06:58:00","06","58","00","05:00 - 11:59","no_es_hora_punta",231
"06:59:00","06","59","00","05:00 - 11:59","no_es_hora_punta",232
"07:00:00","07","00","00","05:00 - 11:59","es_hora_punta",233
"07:01:00","07","01","00","05:00 - 11:59","es_hora_punta",234
"07:02:00","07","02","00","05:00 - 11:59","es_hora_punta",235
"07:03:00","07","03","00","05:00 - 11:59","es_hora_punta",236
"07:04:00","07","04","00","05:00 - 11:59","es_hora_punta",237
"07:05:00","07","05","00","05:00 - 11:59","es_hora_punta",238
"07:06:00","07","06","00","05:00 - 11:59","es_hora_punta",239
"07:07:00","07","07","00","05:00 - 11:59","es_hora_punta",240
"07:08:00","07","08","00","05:00 - 11:59","es_hora_punta",241
"07:09:00","07","09","00","05:00 - 11:59","es_hora_punta",242
"07:10:00","07","10","00","05:00 - 11:59","es_hora_punta",243
"07:11:00","07","11","00","05:00 - 11:59","es_hora_punta",244
"07:12:00","07","12","00","05:00 - 11:59","es_hora_punta",245
"07:13:00","07","13","00","05:00 - 11:59","es_hora_punta",246
"07:14:00","07","14","00","05:00 - 11:59","es_hora_punta",247
"07:15:00","07","15","00","05:00 - 11:59","es_hora_punta",248
"07:16:00","07","16","00","05:00 - 11:59","es_hora_punta",249
"07:17:00","07","17","00","05:00 - 11:59","es_hora_punta",250
"07:18:00","07","18","00","05:00 - 11:59","es_hora_punta",251
"07:19:00","07","19","00","05:00 - 11:59","es_hora_punta",252
"07:20:00","07","20","00","05:00 - 11:59","es_hora_punta",253
"07:21:00","07","21","00","05:00 - 11:59","es_hora_punta",254
"07:22:00","07","22","00","05:00 - 11:59","es_hora_punta",255
"07:23:00","07","23","00","05:00 - 11:59","es_hora_punta",256
"07:24:00","07","24","00","05:00 - 11:59","es_hora_punta",257
"07:25:00","07","25","00","05:00 - 11:59","es_hora_punta",258
"07:26:00","07","26","00","05:00 - 11:59","es_hora_punta",259
"07:27:00","07","27","00","05:00 - 11:59","es_hora_punta",260
"07:28:00","07","28","00","05:00 - 11:59","es_hora_punta",261
"07:29:00","07","29","00","05:00 - 11:59","es_hora_punta",262
"07:30:00","07","30","00","05:00 - 11:59","es_hora_punta",263
"07:31:00","07","31","00","05:00 - 11:59","es_hora_punta",264
"07:32:00","07","32","00","05:00 - 11:59","es_hora_punta",265
"07:33:00","07","33","00","05:00 - 11:59","es_hora_punta",266
"07:34:00","07","34","00","05:00 - 11:59","es_hora_punta",267
"07:35:00","07","35","00","05:00 - 11:59","es_hora_punta",268
"07:36:00","07","36","00","05:00 - 11:59","es_hora_punta",269
"07:37:00","07","37","00","05:00 - 11:59","es_hora_punta",270
"07:38:00","07","38","00","05:00 - 11:59","es_hora_punta",271
"07:39:00","07","39","00","05:00 - 11:59","es_hora_punta",272
"07:40:00","07","40","00","05:00 - 11:59","es_hora_punta",273
"07:41:00","07","41","00","05:00 - 11:59","es_hora_punta",274
"07:42:00","07","42","00","05:00 - 11:59","es_hora_punta",275
"07:43:00","07","43","00","05:00 - 11:59","es_hora_punta",276
"07:44:00","07","44","00","05:00 - 11:59","es_hora_punta",277
"07:45:00","07","45","00","05:00 - 11:59","es_hora_punta",278
"07:46:00","07","46","00","05:00 - 11:59","es_hora_punta",279
"07:47:00","07","47","00","05:00 - 11:59","es_hora_punta",280
"07:48:00","07","48","00","05:00 - 11:59","es_hora_punta",281
"07:49:00","07","49","00","05:00 - 11:59","es_hora_punta",282
"07:50:00","07","50","00","05:00 - 11:59","es_hora_punta",283
"07:51:00","07","51","00","05:00 - 11:59","es_hora_punta",284
"07:52:00","07","52","00","05:00 - 11:59","es_hora_punta",285
"07:53:00","07","53","00","05:00 - 11:59","es_hora_punta",286
"07:54:00","07","54","00","05:00 - 11:59","es_hora_punta",287
"07:55:00","07","55","00","05:00 - 11:59","es_hora_punta",288
"07:56:00","07","56","00","05:00 - 11:59","es_hora_punta",289
"07:57:00","07","57","00","05:00 - 11:59","es_hora_punta",290
"07:58:00","07","58","00","05:00 - 11:59","es_hora_punta",291
"07:59:00","07","59","00","05:00 - 11:59","es_hora_punta",292
"08:00:00","08","00","00","05:00 - 11:59","es_hora_punta",293
"08:01:00","08","01","00","05:00 - 11:59","es_hora_punta",294
"08:02:00","08","02","00","05:00 - 11:59","es_hora_punta",295
"08:03:00","08","03","00","05:00 - 11:59","es_hora_punta",296
"08:04:00","08","04","00","05:00 - 11:59","es_hora_punta",297
"08:05:00","08","05","00","05:00 - 11:59","es_hora_punta",298
"08:06:00","08","06","00","05:00 - 11:59","es_hora_punta",299
"08:07:00","08","07","00","05:00 - 11:59","es_hora_punta",300
"08:08:00","08","08","00","05:00 - 11:59","es_hora_punta",301
"08:09:00","08","09","00","05:00 - 11:59","es_hora_punta",302
"08:10:00","08","10","00","05:00 - 11:59","es_hora_punta",303
"08:11:00","08","11","00","05:00 - 11:59","es_hora_punta",304
"08:12:00","08","12","00","05:00 - 11:59","es_hora_punta",305
"08:13:00","08","13","00","05:00 - 11:59","es_hora_punta",306
"08:14:00","08","14","00","05:00 - 11:59","es_hora_punta",307
"08:15:00","08","15","00","05:00 - 11:59","es_hora_punta",308
"08:16:00","08","16","00","05:00 - 11:59","es_hora_punta",309
"08:17:00","08","17","00","05:00 - 11:59","es_hora_punta",310
"08:18:00","08","18","00","05:00 - 11:59","es_hora_punta",311
"08:19:00","08","19","00","05:00 - 11:59","es_hora_punta",312
"08:20:00","08","20","00","05:00 - 11:59","es_hora_punta",313
"08:21:00","08","21","00","05:00 - 11:59","es_hora_punta",314
"08:22:00","08","22","00","05:00 - 11:59","es_hora_punta",315
"08:23:00","08","23","00","05:00 - 11:59","es_hora_punta",316
"08:24:00","08","24","00","05:00 - 11:59","es_hora_punta",317
"08:25:00","08","25","00","05:00 - 11:59","es_hora_punta",318
"08:26:00","08","26","00","05:00 - 11:59","es_hora_punta",319
"08:27:00","08","27","00","05:00 - 11:59","es_hora_punta",320
"08:28:00","08","28","00","05:00 - 11:59","es_hora_punta",321
"08:29:00","08","29","00","05:00 - 11:59","es_hora_punta",322
"08:30:00","08","30","00","05:00 - 11:59","es_hora_punta",323
"08:31:00","08","31","00","05:00 - 11:59","es_hora_punta",324
"08:32:00","08","32","00","05:00 - 11:59","es_hora_punta",325
"08:33:00","08","33","00","05:00 - 11:59","es_hora_punta",326
"08:34:00","08","34","00","05:00 - 11:59","es_hora_punta",327
"08:35:00","08","35","00","05:00 - 11:59","es_hora_punta",328
"08:36:00","08","36","00","05:00 - 11:59","es_hora_punta",329
"08:37:00","08","37","00","05:00 - 11:59","es_hora_punta",330
"08:38:00","08","38","00","05:00 - 11:59","es_hora_punta",331
"08:39:00","08","39","00","05:00 - 11:59","es_hora_punta",332
"08:40:00","08","40","00","05:00 - 11:59","es_hora_punta",333
"08:41:00","08","41","00","05:00 - 11:59","es_hora_punta",334
"08:42:00","08","42","00","05:00 - 11:59","es_hora_punta",335
"08:43:00","08","43","00","05:00 - 11:59","es_hora_punta",336
"08:44:00","08","44","00","05:00 - 11:59","es_hora_punta",337
"08:45:00","08","45","00","05:00 - 11:59","es_hora_punta",338
"08:46:00","08","46","00","05:00 - 11:59","es_hora_punta",339
"08:47:00","08","47","00","05:00 - 11:59","es_hora_punta",340
"08:48:00","08","48","00","05:00 - 11:59","es_hora_punta",341
"08:49:00","08","49","00","05:00 - 11:59","es_hora_punta",342
"08:50:00","08","50","00","05:00 - 11:59","es_hora_punta",343
"08:51:00","08","51","00","05:00 - 11:59","es_hora_punta",344
"08:52:00","08","52","00","05:00 - 11:59","es_hora_punta",345
"08:53:00","08","53","00","05:00 - 11:59","es_hora_punta",346
"08:54:00","08","54","00","05:00 - 11:59","es_hora_punta",347
"08:55:00","08","55","00","05:00 - 11:59","es_hora_punta",348
"08:56:00","08","56","00","05:00 - 11:59","es_hora_punta",349
"08:57:00","08","57","00","05:00 - 11:59","es_hora_punta",350
"08:58:00","08","58","00","05:00 - 11:59","es_hora_punta",351
"08:59:00","08","59","00","05:00 - 11:59","es_hora_punta",352
"09:00:00","09","00","00","05:00 - 11:59","es_hora_punta",353
"09:01:00","09","01","00","05:00 - 11:59","es_hora_punta",354
"09:02:00","09","02","00","05:00 - 11:59","es_hora_punta",355
"09:03:00","09","03","00","05:00 - 11:59","es_hora_punta",356
"09:04:00","09","04","00","05:00 - 11:59","es_hora_punta",357
"09:05:00","09","05","00","05:00 - 11:59","es_hora_punta",358
"09:06:00","09","06","00","05:00 - 11:59","es_hora_punta",359
"09:07:00","09","07","00","05:00 - 11:59","es_hora_punta",360
"09:08:00","09","08","00","05:00 - 11:59","es_hora_punta",361
"09:09:00","09","09","00","05:00 - 11:59","es_hora_punta",362
"09:10:00","09","10","00","05:00 - 11:59","es_hora_punta",363
"09:11:00","09","11","00","05:00 - 11:59","es_hora_punta",364
"09:12:00","09","12","00","05:00 - 11:59","es_hora_punta",365
"09:13:00","09","13","00","05:00 - 11:59","es_hora_punta",366
"09:14:00","09","14","00","05:00 - 11:59","es_hora_punta",367
"09:15:00","09","15","00","05:00 - 11:59","es_hora_punta",368
"09:16:00","09","16","00","05:00 - 11:59","es_hora_punta",369
"09:17:00","09","17","00","05:00 - 11:59","es_hora_punta",370
"09:18:00","09","18","00","05:00 - 11:59","es_hora_punta",371
"09:19:00","09","19","00","05:00 - 11:59","es_hora_punta",372
"09:20:00","09","20","00","05:00 - 11:59","es_hora_punta",373
"09:21:00","09","21","00","05:00 - 11:59","es_hora_punta",374
"09:22:00","09","22","00","05:00 - 11:59","es_hora_punta",375
"09:23:00","09","23","00","05:00 - 11:59","es_hora_punta",376
"09:24:00","09","24","00","05:00 - 11:59","es_hora_punta",377
"09:25:00","09","25","00","05:00 - 11:59","es_hora_punta",378
"09:26:00","09","26","00","05:00 - 11:59","es_hora_punta",379
"09:27:00","09","27","00","05:00 - 11:59","es_hora_punta",380
"09:28:00","09","28","00","05:00 - 11:59","es_hora_punta",381
"09:29:00","09","29","00","05:00 - 11:59","es_hora_punta",382
"09:30:00","09","30","00","05:00 - 11:59","es_hora_punta",383
"09:31:00","09","31","00","05:00 - 11:59","es_hora_punta",384
"09:32:00","09","32","00","05:00 - 11:59","es_hora_punta",385
"09:33:00","09","33","00","05:00 - 11:59","es_hora_punta",386
"09:34:00","09","34","00","05:00 - 11:59","es_hora_punta",387
"09:35:00","09","35","00","05:00 - 11:59","es_hora_punta",388
"09:36:00","09","36","00","05:00 - 11:59","es_hora_punta",389
"09:37:00","09","37","00","05:00 - 11:59","es_hora_punta",390
"09:38:00","09","38","00","05:00 - 11:59","es_hora_punta",391
"09:39:00","09","39","00","05:00 - 11:59","es_hora_punta",392
"09:40:00","09","40","00","05:00 - 11:59","es_hora_punta",393
"09:41:00","09","41","00","05:00 - 11:59","es_hora_punta",394
"09:42:00","09","42","00","05:00 - 11:59","es_hora_punta",395
"09:43:00","09","43","00","05:00 - 11:59","es_hora_punta",396
"09:44:00","09","44","00","05:00 - 11:59","es_hora_punta",397
"09:45:00","09","45","00","05:00 - 11:59","es_hora_punta",398
"09:46:00","09","46","00","05:00 - 11:59","es_hora_punta",399
"09:47:00","09","47","00","05:00 - 11:59","es_hora_punta",400
"09:48:00","09","48","00","05:00 - 11:59","es_hora_punta",401
"09:49:00","09","49","00","05:00 - 11:59","es_hora_punta",402
"09:50:00","09","50","00","05:00 - 11:59","es_hora_punta",403
"09:51:00","09","51","00","05:00 - 11:59","es_hora_punta",404
"09:52:00","09","52","00","05:00 - 11:59","es_hora_punta",405
"09:53:00","09","53","00","05:00 - 11:59","es_hora_punta",406
"09:54:00","09","54","00","05:00 - 11:59","es_hora_punta",407
"09:55:00","09","55","00","05:00 - 11:59","es_hora_punta",408
"09:56:00","09","56","00","05:00 - 11:59","es_hora_punta",409
"09:57:00","09","57","00","05:00 - 11:59","es_hora_punta",410
"09:58:00","09","58","00","05:00 - 11:59","es_hora_punta",411
"09:59:00","09","59","00","05:00 - 11:59","es_hora_punta",412
"10:00:00","10","00","00","05:00 - 11:59","no_es_hora_punta",413
"10:01:00","10","01","00","05:00 - 11:59","no_es_hora_punta",414
"10:02:00","10","02","00","05:00 - 11:59","no_es_hora_punta",415
"10:03:00","10","03","00","05:00 - 11:59","no_es_hora_punta",416
"10:04:00","10","04","00","05:00 - 11:59","no_es_hora_punta",417
"10:05:00","10","05","00","05:00 - 11:59","no_es_hora_punta",418
"10:06:00","10","06","00","05:00 - 11:59","no_es_hora_punta",419
"10:07:00","10","07","00","05:00 - 11:59","no_es_hora_punta",420
"10:08:00","10","08","00","05:00 - 11:59","no_es_hora_punta",421
"10:09:00","10","09","00","05:00 - 11:59","no_es_hora_punta",422
"10:10:00","10","10","00","05:00 - 11:59","no_es_hora_punta",423
"10:11:00","10","11","00","05:00 - 11:59","no_es_hora_punta",424
"10:12:00","10","12","00","05:00 - 11:59","no_es_hora_punta",425
"10:13:00","10","13","00","05:00 - 11:59","no_es_hora_punta",426
"10:14:00","10","14","00","05:00 - 11:59","no_es_hora_punta",427
"10:15:00","10","15","00","05:00 - 11:59","no_es_hora_punta",428
"10:16:00","10","16","00","05:00 - 11:59","no_es_hora_punta",429
"10:17:00","10","17","00","05:00 - 11:59","no_es_hora_punta",430
"10:18:00","10","18","00","05:00 - 11:59","no_es_hora_punta",431
"10:19:00","10","19","00","05:00 - 11:59","no_es_hora_punta",432
"10:20:00","10","20","00","05:00 - 11:59","no_es_hora_punta",433
"10:21:00","10","21","00","05:00 - 11:59","no_es_hora_punta",434
"10:22:00","10","22","00","05:00 - 11:59","no_es_hora_punta",435
"10:23:00","10","23","00","05:00 - 11:59","no_es_hora_punta",436
"10:24:00","10","24","00","05:00 - 11:59","no_es_hora_punta",437
"10:25:00","10","25","00","05:00 - 11:59","no_es_hora_punta",438
"10:26:00","10","26","00","05:00 - 11:59","no_es_hora_punta",439
"10:27:00","10","27","00","05:00 - 11:59","no_es_hora_punta",440
"10:28:00","10","28","00","05:00 - 11:59","no_es_hora_punta",441
"10:29:00","10","29","00","05:00 - 11:59","no_es_hora_punta",442
"10:30:00","10","30","00","05:00 - 11:59","no_es_hora_punta",443
"10:31:00","10","31","00","05:00 - 11:59","no_es_hora_punta",444
"10:32:00","10","32","00","05:00 - 11:59","no_es_hora_punta",445
"10:33:00","10","33","00","05:00 - 11:59","no_es_hora_punta",446
"10:34:00","10","34","00","05:00 - 11:59","no_es_hora_punta",447
"10:35:00","10","35","00","05:00 - 11:59","no_es_hora_punta",448
"10:36:00","10","36","00","05:00 - 11:59","no_es_hora_punta",449
"10:37:00","10","37","00","05:00 - 11:59","no_es_hora_punta",450
"10:38:00","10","38","00","05:00 - 11:59","no_es_hora_punta",451
"10:39:00","10","39","00","05:00 - 11:59","no_es_hora_punta",452
"10:40:00","10","40","00","05:00 - 11:59","no_es_hora_punta",453
"10:41:00","10","41","00","05:00 - 11:59","no_es_hora_punta",454
"10:42:00","10","42","00","05:00 - 11:59","no_es_hora_punta",455
"10:43:00","10","43","00","05:00 - 11:59","no_es_hora_punta",456
"10:44:00","10","44","00","05:00 - 11:59","no_es_hora_punta",457
"10:45:00","10","45","00","05:00 - 11:59","no_es_hora_punta",458
"10:46:00","10","46","00","05:00 - 11:59","no_es_hora_punta",459
"10:47:00","10","47","00","05:00 - 11:59","no_es_hora_punta",460
"10:48:00","10","48","00","05:00 - 11:59","no_es_hora_punta",461
"10:49:00","10","49","00","05:00 - 11:59","no_es_hora_punta",462
"10:50:00","10","50","00","05:00 - 11:59","no_es_hora_punta",463
"10:51:00","10","51","00","05:00 - 11:59","no_es_hora_punta",464
"10:52:00","10","52","00","05:00 - 11:59","no_es_hora_punta",465
"10:53:00","10","53","00","05:00 - 11:59","no_es_hora_punta",466
"10:54:00","10","54","00","05:00 - 11:59","no_es_hora_punta",467
"10:55:00","10","55","00","05:00 - 11:59","no_es_hora_punta",468
"10:56:00","10","56","00","05:00 - 11:59","no_es_hora_punta",469
"10:57:00","10","57","00","05:00 - 11:59","no_es_hora_punta",470
"10:58:00","10","58","00","05:00 - 11:59","no_es_hora_punta",471
"10:59:00","10","59","00","05:00 - 11:59","no_es_hora_punta",472
"11:00:00","11","00","00","05:00 - 11:59","no_es_hora_punta",473
"11:01:00","11","01","00","05:00 - 11:59","no_es_hora_punta",474
"11:02:00","11","02","00","05:00 - 11:59","no_es_hora_punta",475
"11:03:00","11","03","00","05:00 - 11:59","no_es_hora_punta",476
"11:04:00","11","04","00","05:00 - 11:59","no_es_hora_punta",477
"11:05:00","11","05","00","05:00 - 11:59","no_es_hora_punta",478
"11:06:00","11","06","00","05:00 - 11:59","no_es_hora_punta",479
"11:07:00","11","07","00","05:00 - 11:59","no_es_hora_punta",480
"11:08:00","11","08","00","05:00 - 11:59","no_es_hora_punta",481
"11:09:00","11","09","00","05:00 - 11:59","no_es_hora_punta",482
"11:10:00","11","10","00","05:00 - 11:59","no_es_hora_punta",483
"11:11:00","11","11","00","05:00 - 11:59","no_es_hora_punta",484
"11:12:00","11","12","00","05:00 - 11:59","no_es_hora_punta",485
"11:13:00","11","13","00","05:00 - 11:59","no_es_hora_punta",486
"11:14:00","11","14","00","05:00 - 11:59","no_es_hora_punta",487
"11:15:00","11","15","00","05:00 - 11:59","no_es_hora_punta",488
"11:16:00","11","16","00","05:00 - 11:59","no_es_hora_punta",489
"11:17:00","11","17","00","05:00 - 11:59","no_es_hora_punta",490
"11:18:00","11","18","00","05:00 - 11:59","no_es_hora_punta",491
"11:19:00","11","19","00","05:00 - 11:59","no_es_hora_punta",492
"11:20:00","11","20","00","05:00 - 11:59","no_es_hora_punta",493
"11:21:00","11","21","00","05:00 - 11:59","no_es_hora_punta",494
"11:22:00","11","22","00","05:00 - 11:59","no_es_hora_punta",495
"11:23:00","11","23","00","05:00 - 11:59","no_es_hora_punta",496
"11:24:00","11","24","00","05:00 - 11:59","no_es_hora_punta",497
"11:25:00","11","25","00","05:00 - 11:59","no_es_hora_punta",498
"11:26:00","11","26","00","05:00 - 11:59","no_es_hora_punta",499
"11:27:00","11","27","00","05:00 - 11:59","no_es_hora_punta",500
"11:28:00","11","28","00","05:00 - 11:59","no_es_hora_punta",501
"11:29:00","11","29","00","05:00 - 11:59","no_es_hora_punta",502
"11:30:00","11","30","00","05:00 - 11:59","no_es_hora_punta",503
"11:31:00","11","31","00","05:00 - 11:59","no_es_hora_punta",504
"11:32:00","11","32","00","05:00 - 11:59","no_es_hora_punta",505
"11:33:00","11","33","00","05:00 - 11:59","no_es_hora_punta",506
"11:34:00","11","34","00","05:00 - 11:59","no_es_hora_punta",507
"11:35:00","11","35","00","05:00 - 11:59","no_es_hora_punta",508
"11:36:00","11","36","00","05:00 - 11:59","no_es_hora_punta",509
"11:37:00","11","37","00","05:00 - 11:59","no_es_hora_punta",510
"11:38:00","11","38","00","05:00 - 11:59","no_es_hora_punta",511
"11:39:00","11","39","00","05:00 - 11:59","no_es_hora_punta",512
"11:40:00","11","40","00","05:00 - 11:59","no_es_hora_punta",513
"11:41:00","11","41","00","05:00 - 11:59","no_es_hora_punta",514
"11:42:00","11","42","00","05:00 - 11:59","no_es_hora_punta",515
"11:43:00","11","43","00","05:00 - 11:59","no_es_hora_punta",516
"11:44:00","11","44","00","05:00 - 11:59","no_es_hora_punta",517
"11:45:00","11","45","00","05:00 - 11:59","no_es_hora_punta",518
"11:46:00","11","46","00","05:00 - 11:59","no_es_hora_punta",519
"11:47:00","11","47","00","05:00 - 11:59","no_es_hora_punta",520
"11:48:00","11","48","00","05:00 - 11:59","no_es_hora_punta",521
"11:49:00","11","49","00","05:00 - 11:59","no_es_hora_punta",522
"11:50:00","11","50","00","05:00 - 11:59","no_es_hora_punta",523
"11:51:00","11","51","00","05:00 - 11:59","no_es_hora_punta",524
"11:52:00","11","52","00","05:00 - 11:59","no_es_hora_punta",525
"11:53:00","11","53","00","05:00 - 11:59","no_es_hora_punta",526
"11:54:00","11","54","00","05:00 - 11:59","no_es_hora_punta",527
"11:55:00","11","55","00","05:00 - 11:59","no_es_hora_punta",528
"11:56:00","11","56","00","05:00 - 11:59","no_es_hora_punta",529
"11:57:00","11","57","00","05:00 - 11:59","no_es_hora_punta",530
"11:58:00","11","58","00","05:00 - 11:59","no_es_hora_punta",531
"11:59:00","11","59","00","05:00 - 11:59","no_es_hora_punta",532
"12:00:00","12","00","00","12:00 - 19:59","no_es_hora_punta",533
"12:01:00","12","01","00","12:00 - 19:59","no_es_hora_punta",534
"12:02:00","12","02","00","12:00 - 19:59","no_es_hora_punta",535
"12:03:00","12","03","00","12:00 - 19:59","no_es_hora_punta",536
"12:04:00","12","04","00","12:00 - 19:59","no_es_hora_punta",537
"12:05:00","12","05","00","12:00 - 19:59","no_es_hora_punta",538
"12:06:00","12","06","00","12:00 - 19:59","no_es_hora_punta",539
"12:07:00","12","07","00","12:00 - 19:59","no_es_hora_punta",540
"12:08:00","12","08","00","12:00 - 19:59","no_es_hora_punta",541
"12:09:00","12","09","00","12:00 - 19:59","no_es_hora_punta",542
"12:10:00","12","10","00","12:00 - 19:59","no_es_hora_punta",543
"12:11:00","12","11","00","12:00 - 19:59","no_es_hora_punta",544
"12:12:00","12","12","00","12:00 - 19:59","no_es_hora_punta",545
"12:13:00","12","13","00","12:00 - 19:59","no_es_hora_punta",546
"12:14:00","12","14","00","12:00 - 19:59","no_es_hora_punta",547
"12:15:00","12","15","00","12:00 - 19:59","no_es_hora_punta",548
"12:16:00","12","16","00","12:00 - 19:59","no_es_hora_punta",549
"12:17:00","12","17","00","12:00 - 19:59","no_es_hora_punta",550
"12:18:00","12","18","00","12:00 - 19:59","no_es_hora_punta",551
"12:19:00","12","19","00","12:00 - 19:59","no_es_hora_punta",552
"12:20:00","12","20","00","12:00 - 19:59","no_es_hora_punta",553
"12:21:00","12","21","00","12:00 - 19:59","no_es_hora_punta",554
"12:22:00","12","22","00","12:00 - 19:59","no_es_hora_punta",555
"12:23:00","12","23","00","12:00 - 19:59","no_es_hora_punta",556
"12:24:00","12","24","00","12:00 - 19:59","no_es_hora_punta",557
"12:25:00","12","25","00","12:00 - 19:59","no_es_hora_punta",558
"12:26:00","12","26","00","12:00 - 19:59","no_es_hora_punta",559
"12:27:00","12","27","00","12:00 - 19:59","no_es_hora_punta",560
"12:28:00","12","28","00","12:00 - 19:59","no_es_hora_punta",561
"12:29:00","12","29","00","12:00 - 19:59","no_es_hora_punta",562
"12:30:00","12","30","00","12:00 - 19:59","no_es_hora_punta",563
"12:31:00","12","31","00","12:00 - 19:59","no_es_hora_punta",564
"12:32:00","12","32","00","12:00 - 19:59","no_es_hora_punta",565
"12:33:00","12","33","00","12:00 - 19:59","no_es_hora_punta",566
"12:34:00","12","34","00","12:00 - 19:59","no_es_hora_punta",567
"12:35:00","12","35","00","12:00 - 19:59","no_es_hora_punta",568
"12:36:00","12","36","00","12:00 - 19:59","no_es_hora_punta",569
"12:37:00","12","37","00","12:00 - 19:59","no_es_hora_punta",570
"12:38:00","12","38","00","12:00 - 19:59","no_es_hora_punta",571
"12:39:00","12","39","00","12:00 - 19:59","no_es_hora_punta",572
"12:40:00","12","40","00","12:00 - 19:59","no_es_hora_punta",573
"12:41:00","12","41","00","12:00 - 19:59","no_es_hora_punta",574
"12:42:00","12","42","00","12:00 - 19:59","no_es_hora_punta",575
"12:43:00","12","43","00","12:00 - 19:59","no_es_hora_punta",576
"12:44:00","12","44","00","12:00 - 19:59","no_es_hora_punta",577
"12:45:00","12","45","00","12:00 - 19:59","no_es_hora_punta",578
"12:46:00","12","46","00","12:00 - 19:59","no_es_hora_punta",579
"12:47:00","12","47","00","12:00 - 19:59","no_es_hora_punta",580
"12:48:00","12","48","00","12:00 - 19:59","no_es_hora_punta",581
"12:49:00","12","49","00","12:00 - 19:59","no_es_hora_punta",582
"12:50:00","12","50","00","12:00 - 19:59","no_es_hora_punta",583
"12:51:00","12","51","00","12:00 - 19:59","no_es_hora_punta",584
"12:52:00","12","52","00","12:00 - 19:59","no_es_hora_punta",585
"12:53:00","12","53","00","12:00 - 19:59","no_es_hora_punta",586
"12:54:00","12","54","00","12:00 - 19:59","no_es_hora_punta",587
"12:55:00","12","55","00","12:00 - 19:59","no_es_hora_punta",588
"12:56:00","12","56","00","12:00 - 19:59","no_es_hora_punta",589
"12:57:00","12","57","00","12:00 - 19:59","no_es_hora_punta",590
"12:58:00","12","58","00","12:00 - 19:59","no_es_hora_punta",591
"12:59:00","12","59","00","12:00 - 19:59","no_es_hora_punta",592
"13:00:00","13","00","00","12:00 - 19:59","no_es_hora_punta",593
"13:01:00","13","01","00","12:00 - 19:59","no_es_hora_punta",594
"13:02:00","13","02","00","12:00 - 19:59","no_es_hora_punta",595
"13:03:00","13","03","00","12:00 - 19:59","no_es_hora_punta",596
"13:04:00","13","04","00","12:00 - 19:59","no_es_hora_punta",597
"13:05:00","13","05","00","12:00 - 19:59","no_es_hora_punta",598
"13:06:00","13","06","00","12:00 - 19:59","no_es_hora_punta",599
"13:07:00","13","07","00","12:00 - 19:59","no_es_hora_punta",600
"13:08:00","13","08","00","12:00 - 19:59","no_es_hora_punta",601
"13:09:00","13","09","00","12:00 - 19:59","no_es_hora_punta",602
"13:10:00","13","10","00","12:00 - 19:59","no_es_hora_punta",603
"13:11:00","13","11","00","12:00 - 19:59","no_es_hora_punta",604
"13:12:00","13","12","00","12:00 - 19:59","no_es_hora_punta",605
"13:13:00","13","13","00","12:00 - 19:59","no_es_hora_punta",606
"13:14:00","13","14","00","12:00 - 19:59","no_es_hora_punta",607
"13:15:00","13","15","00","12:00 - 19:59","no_es_hora_punta",608
"13:16:00","13","16","00","12:00 - 19:59","no_es_hora_punta",609
"13:17:00","13","17","00","12:00 - 19:59","no_es_hora_punta",610
"13:18:00","13","18","00","12:00 - 19:59","no_es_hora_punta",611
"13:19:00","13","19","00","12:00 - 19:59","no_es_hora_punta",612
"13:20:00","13","20","00","12:00 - 19:59","no_es_hora_punta",613
"13:21:00","13","21","00","12:00 - 19:59","no_es_hora_punta",614
"13:22:00","13","22","00","12:00 - 19:59","no_es_hora_punta",615
"13:23:00","13","23","00","12:00 - 19:59","no_es_hora_punta",616
"13:24:00","13","24","00","12:00 - 19:59","no_es_hora_punta",617
"13:25:00","13","25","00","12:00 - 19:59","no_es_hora_punta",618
"13:26:00","13","26","00","12:00 - 19:59","no_es_hora_punta",619
"13:27:00","13","27","00","12:00 - 19:59","no_es_hora_punta",620
"13:28:00","13","28","00","12:00 - 19:59","no_es_hora_punta",621
"13:29:00","13","29","00","12:00 - 19:59","no_es_hora_punta",622
"13:30:00","13","30","00","12:00 - 19:59","no_es_hora_punta",623
"13:31:00","13","31","00","12:00 - 19:59","no_es_hora_punta",624
"13:32:00","13","32","00","12:00 - 19:59","no_es_hora_punta",625
"13:33:00","13","33","00","12:00 - 19:59","no_es_hora_punta",626
"13:34:00","13","34","00","12:00 - 19:59","no_es_hora_punta",627
"13:35:00","13","35","00","12:00 - 19:59","no_es_hora_punta",628
"13:36:00","13","36","00","12:00 - 19:59","no_es_hora_punta",629
"13:37:00","13","37","00","12:00 - 19:59","no_es_hora_punta",630
"13:38:00","13","38","00","12:00 - 19:59","no_es_hora_punta",631
"13:39:00","13","39","00","12:00 - 19:59","no_es_hora_punta",632
"13:40:00","13","40","00","12:00 - 19:59","no_es_hora_punta",633
"13:41:00","13","41","00","12:00 - 19:59","no_es_hora_punta",634
"13:42:00","13","42","00","12:00 - 19:59","no_es_hora_punta",635
"13:43:00","13","43","00","12:00 - 19:59","no_es_hora_punta",636
"13:44:00","13","44","00","12:00 - 19:59","no_es_hora_punta",637
"13:45:00","13","45","00","12:00 - 19:59","no_es_hora_punta",638
"13:46:00","13","46","00","12:00 - 19:59","no_es_hora_punta",639
"13:47:00","13","47","00","12:00 - 19:59","no_es_hora_punta",640
"13:48:00","13","48","00","12:00 - 19:59","no_es_hora_punta",641
"13:49:00","13","49","00","12:00 - 19:59","no_es_hora_punta",642
"13:50:00","13","50","00","12:00 - 19:59","no_es_hora_punta",643
"13:51:00","13","51","00","12:00 - 19:59","no_es_hora_punta",644
"13:52:00","13","52","00","12:00 - 19:59","no_es_hora_punta",645
"13:53:00","13","53","00","12:00 - 19:59","no_es_hora_punta",646
"13:54:00","13","54","00","12:00 - 19:59","no_es_hora_punta",647
"13:55:00","13","55","00","12:00 - 19:59","no_es_hora_punta",648
"13:56:00","13","56","00","12:00 - 19:59","no_es_hora_punta",649
"13:57:00","13","57","00","12:00 - 19:59","no_es_hora_punta",650
"13:58:00","13","58","00","12:00 - 19:59","no_es_hora_punta",651
"13:59:00","13","59","00","12:00 - 19:59","no_es_hora_punta",652
"14:00:00","14","00","00","12:00 - 19:59","no_es_hora_punta",653
"14:01:00","14","01","00","12:00 - 19:59","no_es_hora_punta",654
"14:02:00","14","02","00","12:00 - 19:59","no_es_hora_punta",655
"14:03:00","14","03","00","12:00 - 19:59","no_es_hora_punta",656
"14:04:00","14","04","00","12:00 - 19:59","no_es_hora_punta",657
"14:05:00","14","05","00","12:00 - 19:59","no_es_hora_punta",658
"14:06:00","14","06","00","12:00 - 19:59","no_es_hora_punta",659
"14:07:00","14","07","00","12:00 - 19:59","no_es_hora_punta",660
"14:08:00","14","08","00","12:00 - 19:59","no_es_hora_punta",661
"14:09:00","14","09","00","12:00 - 19:59","no_es_hora_punta",662
"14:10:00","14","10","00","12:00 - 19:59","no_es_hora_punta",663
"14:11:00","14","11","00","12:00 - 19:59","no_es_hora_punta",664
"14:12:00","14","12","00","12:00 - 19:59","no_es_hora_punta",665
"14:13:00","14","13","00","12:00 - 19:59","no_es_hora_punta",666
"14:14:00","14","14","00","12:00 - 19:59","no_es_hora_punta",667
"14:15:00","14","15","00","12:00 - 19:59","no_es_hora_punta",668
"14:16:00","14","16","00","12:00 - 19:59","no_es_hora_punta",669
"14:17:00","14","17","00","12:00 - 19:59","no_es_hora_punta",670
"14:18:00","14","18","00","12:00 - 19:59","no_es_hora_punta",671
"14:19:00","14","19","00","12:00 - 19:59","no_es_hora_punta",672
"14:20:00","14","20","00","12:00 - 19:59","no_es_hora_punta",673
"14:21:00","14","21","00","12:00 - 19:59","no_es_hora_punta",674
"14:22:00","14","22","00","12:00 - 19:59","no_es_hora_punta",675
"14:23:00","14","23","00","12:00 - 19:59","no_es_hora_punta",676
"14:24:00","14","24","00","12:00 - 19:59","no_es_hora_punta",677
"14:25:00","14","25","00","12:00 - 19:59","no_es_hora_punta",678
"14:26:00","14","26","00","12:00 - 19:59","no_es_hora_punta",679
"14:27:00","14","27","00","12:00 - 19:59","no_es_hora_punta",680
"14:28:00","14","28","00","12:00 - 19:59","no_es_hora_punta",681
"14:29:00","14","29","00","12:00 - 19:59","no_es_hora_punta",682
"14:30:00","14","30","00","12:00 - 19:59","no_es_hora_punta",683
"14:31:00","14","31","00","12:00 - 19:59","no_es_hora_punta",684
"14:32:00","14","32","00","12:00 - 19:59","no_es_hora_punta",685
"14:33:00","14","33","00","12:00 - 19:59","no_es_hora_punta",686
"14:34:00","14","34","00","12:00 - 19:59","no_es_hora_punta",687
"14:35:00","14","35","00","12:00 - 19:59","no_es_hora_punta",688
"14:36:00","14","36","00","12:00 - 19:59","no_es_hora_punta",689
"14:37:00","14","37","00","12:00 - 19:59","no_es_hora_punta",690
"14:38:00","14","38","00","12:00 - 19:59","no_es_hora_punta",691
"14:39:00","14","39","00","12:00 - 19:59","no_es_hora_punta",692
"14:40:00","14","40","00","12:00 - 19:59","no_es_hora_punta",693
"14:41:00","14","41","00","12:00 - 19:59","no_es_hora_punta",694
"14:42:00","14","42","00","12:00 - 19:59","no_es_hora_punta",695
"14:43:00","14","43","00","12:00 - 19:59","no_es_hora_punta",696
"14:44:00","14","44","00","12:00 - 19:59","no_es_hora_punta",697
"14:45:00","14","45","00","12:00 - 19:59","no_es_hora_punta",698
"14:46:00","14","46","00","12:00 - 19:59","no_es_hora_punta",699
"14:47:00","14","47","00","12:00 - 19:59","no_es_hora_punta",700
"14:48:00","14","48","00","12:00 - 19:59","no_es_hora_punta",701
"14:49:00","14","49","00","12:00 - 19:59","no_es_hora_punta",702
"14:50:00","14","50","00","12:00 - 19:59","no_es_hora_punta",703
"14:51:00","14","51","00","12:00 - 19:59","no_es_hora_punta",704
"14:52:00","14","52","00","12:00 - 19:59","no_es_hora_punta",705
"14:53:00","14","53","00","12:00 - 19:59","no_es_hora_punta",706
"14:54:00","14","54","00","12:00 - 19:59","no_es_hora_punta",707
"14:55:00","14","55","00","12:00 - 19:59","no_es_hora_punta",708
"14:56:00","14","56","00","12:00 - 19:59","no_es_hora_punta",709
"14:57:00","14","57","00","12:00 - 19:59","no_es_hora_punta",710
"14:58:00","14","58","00","12:00 - 19:59","no_es_hora_punta",711
"14:59:00","14","59","00","12:00 - 19:59","no_es_hora_punta",712
"15:00:00","15","00","00","12:00 - 19:59","no_es_hora_punta",713
"15:01:00","15","01","00","12:00 - 19:59","no_es_hora_punta",714
"15:02:00","15","02","00","12:00 - 19:59","no_es_hora_punta",715
"15:03:00","15","03","00","12:00 - 19:59","no_es_hora_punta",716
"15:04:00","15","04","00","12:00 - 19:59","no_es_hora_punta",717
"15:05:00","15","05","00","12:00 - 19:59","no_es_hora_punta",718
"15:06:00","15","06","00","12:00 - 19:59","no_es_hora_punta",719
"15:07:00","15","07","00","12:00 - 19:59","no_es_hora_punta",720
"15:08:00","15","08","00","12:00 - 19:59","no_es_hora_punta",721
"15:09:00","15","09","00","12:00 - 19:59","no_es_hora_punta",722
"15:10:00","15","10","00","12:00 - 19:59","no_es_hora_punta",723
"15:11:00","15","11","00","12:00 - 19:59","no_es_hora_punta",724
"15:12:00","15","12","00","12:00 - 19:59","no_es_hora_punta",725
"15:13:00","15","13","00","12:00 - 19:59","no_es_hora_punta",726
"15:14:00","15","14","00","12:00 - 19:59","no_es_hora_punta",727
"15:15:00","15","15","00","12:00 - 19:59","no_es_hora_punta",728
"15:16:00","15","16","00","12:00 - 19:59","no_es_hora_punta",729
"15:17:00","15","17","00","12:00 - 19:59","no_es_hora_punta",730
"15:18:00","15","18","00","12:00 - 19:59","no_es_hora_punta",731
"15:19:00","15","19","00","12:00 - 19:59","no_es_hora_punta",732
"15:20:00","15","20","00","12:00 - 19:59","no_es_hora_punta",733
"15:21:00","15","21","00","12:00 - 19:59","no_es_hora_punta",734
"15:22:00","15","22","00","12:00 - 19:59","no_es_hora_punta",735
"15:23:00","15","23","00","12:00 - 19:59","no_es_hora_punta",736
"15:24:00","15","24","00","12:00 - 19:59","no_es_hora_punta",737
"15:25:00","15","25","00","12:00 - 19:59","no_es_hora_punta",738
"15:26:00","15","26","00","12:00 - 19:59","no_es_hora_punta",739
"15:27:00","15","27","00","12:00 - 19:59","no_es_hora_punta",740
"15:28:00","15","28","00","12:00 - 19:59","no_es_hora_punta",741
"15:29:00","15","29","00","12:00 - 19:59","no_es_hora_punta",742
"15:30:00","15","30","00","12:00 - 19:59","no_es_hora_punta",743
"15:31:00","15","31","00","12:00 - 19:59","no_es_hora_punta",744
"15:32:00","15","32","00","12:00 - 19:59","no_es_hora_punta",745
"15:33:00","15","33","00","12:00 - 19:59","no_es_hora_punta",746
"15:34:00","15","34","00","12:00 - 19:59","no_es_hora_punta",747
"15:35:00","15","35","00","12:00 - 19:59","no_es_hora_punta",748
"15:36:00","15","36","00","12:00 - 19:59","no_es_hora_punta",749
"15:37:00","15","37","00","12:00 - 19:59","no_es_hora_punta",750
"15:38:00","15","38","00","12:00 - 19:59","no_es_hora_punta",751
"15:39:00","15","39","00","12:00 - 19:59","no_es_hora_punta",752
"15:40:00","15","40","00","12:00 - 19:59","no_es_hora_punta",753
"15:41:00","15","41","00","12:00 - 19:59","no_es_hora_punta",754
"15:42:00","15","42","00","12:00 - 19:59","no_es_hora_punta",755
"15:43:00","15","43","00","12:00 - 19:59","no_es_hora_punta",756
"15:44:00","15","44","00","12:00 - 19:59","no_es_hora_punta",757
"15:45:00","15","45","00","12:00 - 19:59","no_es_hora_punta",758
"15:46:00","15","46","00","12:00 - 19:59","no_es_hora_punta",759
"15:47:00","15","47","00","12:00 - 19:59","no_es_hora_punta",760
"15:48:00","15","48","00","12:00 - 19:59","no_es_hora_punta",761
"15:49:00","15","49","00","12:00 - 19:59","no_es_hora_punta",762
"15:50:00","15","50","00","12:00 - 19:59","no_es_hora_punta",763
"15:51:00","15","51","00","12:00 - 19:59","no_es_hora_punta",764
"15:52:00","15","52","00","12:00 - 19:59","no_es_hora_punta",765
"15:53:00","15","53","00","12:00 - 19:59","no_es_hora_punta",766
"15:54:00","15","54","00","12:00 - 19:59","no_es_hora_punta",767
"15:55:00","15","55","00","12:00 - 19:59","no_es_hora_punta",768
"15:56:00","15","56","00","12:00 - 19:59","no_es_hora_punta",769
"15:57:00","15","57","00","12:00 - 19:59","no_es_hora_punta",770
"15:58:00","15","58","00","12:00 - 19:59","no_es_hora_punta",771
"15:59:00","15","59","00","12:00 - 19:59","no_es_hora_punta",772
"16:00:00","16","00","00","12:00 - 19:59","no_es_hora_punta",773
"16:01:00","16","01","00","12:00 - 19:59","no_es_hora_punta",774
"16:02:00","16","02","00","12:00 - 19:59","no_es_hora_punta",775
"16:03:00","16","03","00","12:00 - 19:59","no_es_hora_punta",776
"16:04:00","16","04","00","12:00 - 19:59","no_es_hora_punta",777
"16:05:00","16","05","00","12:00 - 19:59","no_es_hora_punta",778
"16:06:00","16","06","00","12:00 - 19:59","no_es_hora_punta",779
"16:07:00","16","07","00","12:00 - 19:59","no_es_hora_punta",780
"16:08:00","16","08","00","12:00 - 19:59","no_es_hora_punta",781
"16:09:00","16","09","00","12:00 - 19:59","no_es_hora_punta",782
"16:10:00","16","10","00","12:00 - 19:59","no_es_hora_punta",783
"16:11:00","16","11","00","12:00 - 19:59","no_es_hora_punta",784
"16:12:00","16","12","00","12:00 - 19:59","no_es_hora_punta",785
"16:13:00","16","13","00","12:00 - 19:59","no_es_hora_punta",786
"16:14:00","16","14","00","12:00 - 19:59","no_es_hora_punta",787
"16:15:00","16","15","00","12:00 - 19:59","no_es_hora_punta",788
"16:16:00","16","16","00","12:00 - 19:59","no_es_hora_punta",789
"16:17:00","16","17","00","12:00 - 19:59","no_es_hora_punta",790
"16:18:00","16","18","00","12:00 - 19:59","no_es_hora_punta",791
"16:19:00","16","19","00","12:00 - 19:59","no_es_hora_punta",792
"16:20:00","16","20","00","12:00 - 19:59","no_es_hora_punta",793
"16:21:00","16","21","00","12:00 - 19:59","no_es_hora_punta",794
"16:22:00","16","22","00","12:00 - 19:59","no_es_hora_punta",795
"16:23:00","16","23","00","12:00 - 19:59","no_es_hora_punta",796
"16:24:00","16","24","00","12:00 - 19:59","no_es_hora_punta",797
"16:25:00","16","25","00","12:00 - 19:59","no_es_hora_punta",798
"16:26:00","16","26","00","12:00 - 19:59","no_es_hora_punta",799
"16:27:00","16","27","00","12:00 - 19:59","no_es_hora_punta",800
"16:28:00","16","28","00","12:00 - 19:59","no_es_hora_punta",801
"16:29:00","16","29","00","12:00 - 19:59","no_es_hora_punta",802
"16:30:00","16","30","00","12:00 - 19:59","no_es_hora_punta",803
"16:31:00","16","31","00","12:00 - 19:59","no_es_hora_punta",804
"16:32:00","16","32","00","12:00 - 19:59","no_es_hora_punta",805
"16:33:00","16","33","00","12:00 - 19:59","no_es_hora_punta",806
"16:34:00","16","34","00","12:00 - 19:59","no_es_hora_punta",807
"16:35:00","16","35","00","12:00 - 19:59","no_es_hora_punta",808
"16:36:00","16","36","00","12:00 - 19:59","no_es_hora_punta",809
"16:37:00","16","37","00","12:00 - 19:59","no_es_hora_punta",810
"16:38:00","16","38","00","12:00 - 19:59","no_es_hora_punta",811
"16:39:00","16","39","00","12:00 - 19:59","no_es_hora_punta",812
"16:40:00","16","40","00","12:00 - 19:59","no_es_hora_punta",813
"16:41:00","16","41","00","12:00 - 19:59","no_es_hora_punta",814
"16:42:00","16","42","00","12:00 - 19:59","no_es_hora_punta",815
"16:43:00","16","43","00","12:00 - 19:59","no_es_hora_punta",816
"16:44:00","16","44","00","12:00 - 19:59","no_es_hora_punta",817
"16:45:00","16","45","00","12:00 - 19:59","no_es_hora_punta",818
"16:46:00","16","46","00","12:00 - 19:59","no_es_hora_punta",819
"16:47:00","16","47","00","12:00 - 19:59","no_es_hora_punta",820
"16:48:00","16","48","00","12:00 - 19:59","no_es_hora_punta",821
"16:49:00","16","49","00","12:00 - 19:59","no_es_hora_punta",822
"16:50:00","16","50","00","12:00 - 19:59","no_es_hora_punta",823
"16:51:00","16","51","00","12:00 - 19:59","no_es_hora_punta",824
"16:52:00","16","52","00","12:00 - 19:59","no_es_hora_punta",825
"16:53:00","16","53","00","12:00 - 19:59","no_es_hora_punta",826
"16:54:00","16","54","00","12:00 - 19:59","no_es_hora_punta",827
"16:55:00","16","55","00","12:00 - 19:59","no_es_hora_punta",828
"16:56:00","16","56","00","12:00 - 19:59","no_es_hora_punta",829
"16:57:00","16","57","00","12:00 - 19:59","no_es_hora_punta",830
"16:58:00","16","58","00","12:00 - 19:59","no_es_hora_punta",831
"16:59:00","16","59","00","12:00 - 19:59","no_es_hora_punta",832
"17:00:00","17","00","00","12:00 - 19:59","es_hora_punta",833
"17:01:00","17","01","00","12:00 - 19:59","es_hora_punta",834
"17:02:00","17","02","00","12:00 - 19:59","es_hora_punta",835
"17:03:00","17","03","00","12:00 - 19:59","es_hora_punta",836
"17:04:00","17","04","00","12:00 - 19:59","es_hora_punta",837
"17:05:00","17","05","00","12:00 - 19:59","es_hora_punta",838
"17:06:00","17","06","00","12:00 - 19:59","es_hora_punta",839
"17:07:00","17","07","00","12:00 - 19:59","es_hora_punta",840
"17:08:00","17","08","00","12:00 - 19:59","es_hora_punta",841
"17:09:00","17","09","00","12:00 - 19:59","es_hora_punta",842
"17:10:00","17","10","00","12:00 - 19:59","es_hora_punta",843
"17:11:00","17","11","00","12:00 - 19:59","es_hora_punta",844
"17:12:00","17","12","00","12:00 - 19:59","es_hora_punta",845
"17:13:00","17","13","00","12:00 - 19:59","es_hora_punta",846
"17:14:00","17","14","00","12:00 - 19:59","es_hora_punta",847
"17:15:00","17","15","00","12:00 - 19:59","es_hora_punta",848
"17:16:00","17","16","00","12:00 - 19:59","es_hora_punta",849
"17:17:00","17","17","00","12:00 - 19:59","es_hora_punta",850
"17:18:00","17","18","00","12:00 - 19:59","es_hora_punta",851
"17:19:00","17","19","00","12:00 - 19:59","es_hora_punta",852
"17:20:00","17","20","00","12:00 - 19:59","es_hora_punta",853
"17:21:00","17","21","00","12:00 - 19:59","es_hora_punta",854
"17:22:00","17","22","00","12:00 - 19:59","es_hora_punta",855
"17:23:00","17","23","00","12:00 - 19:59","es_hora_punta",856
"17:24:00","17","24","00","12:00 - 19:59","es_hora_punta",857
"17:25:00","17","25","00","12:00 - 19:59","es_hora_punta",858
"17:26:00","17","26","00","12:00 - 19:59","es_hora_punta",859
"17:27:00","17","27","00","12:00 - 19:59","es_hora_punta",860
"17:28:00","17","28","00","12:00 - 19:59","es_hora_punta",861
"17:29:00","17","29","00","12:00 - 19:59","es_hora_punta",862
"17:30:00","17","30","00","12:00 - 19:59","es_hora_punta",863
"17:31:00","17","31","00","12:00 - 19:59","es_hora_punta",864
"17:32:00","17","32","00","12:00 - 19:59","es_hora_punta",865
"17:33:00","17","33","00","12:00 - 19:59","es_hora_punta",866
"17:34:00","17","34","00","12:00 - 19:59","es_hora_punta",867
"17:35:00","17","35","00","12:00 - 19:59","es_hora_punta",868
"17:36:00","17","36","00","12:00 - 19:59","es_hora_punta",869
"17:37:00","17","37","00","12:00 - 19:59","es_hora_punta",870
"17:38:00","17","38","00","12:00 - 19:59","es_hora_punta",871
"17:39:00","17","39","00","12:00 - 19:59","es_hora_punta",872
"17:40:00","17","40","00","12:00 - 19:59","es_hora_punta",873
"17:41:00","17","41","00","12:00 - 19:59","es_hora_punta",874
"17:42:00","17","42","00","12:00 - 19:59","es_hora_punta",875
"17:43:00","17","43","00","12:00 - 19:59","es_hora_punta",876
"17:44:00","17","44","00","12:00 - 19:59","es_hora_punta",877
"17:45:00","17","45","00","12:00 - 19:59","es_hora_punta",878
"17:46:00","17","46","00","12:00 - 19:59","es_hora_punta",879
"17:47:00","17","47","00","12:00 - 19:59","es_hora_punta",880
"17:48:00","17","48","00","12:00 - 19:59","es_hora_punta",881
"17:49:00","17","49","00","12:00 - 19:59","es_hora_punta",882
"17:50:00","17","50","00","12:00 - 19:59","es_hora_punta",883
"17:51:00","17","51","00","12:00 - 19:59","es_hora_punta",884
"17:52:00","17","52","00","12:00 - 19:59","es_hora_punta",885
"17:53:00","17","53","00","12:00 - 19:59","es_hora_punta",886
"17:54:00","17","54","00","12:00 - 19:59","es_hora_punta",887
"17:55:00","17","55","00","12:00 - 19:59","es_hora_punta",888
"17:56:00","17","56","00","12:00 - 19:59","es_hora_punta",889
"17:57:00","17","57","00","12:00 - 19:59","es_hora_punta",890
"17:58:00","17","58","00","12:00 - 19:59","es_hora_punta",891
"17:59:00","17","59","00","12:00 - 19:59","es_hora_punta",892
"18:00:00","18","00","00","12:00 - 19:59","es_hora_punta",893
"18:01:00","18","01","00","12:00 - 19:59","es_hora_punta",894
"18:02:00","18","02","00","12:00 - 19:59","es_hora_punta",895
"18:03:00","18","03","00","12:00 - 19:59","es_hora_punta",896
"18:04:00","18","04","00","12:00 - 19:59","es_hora_punta",897
"18:05:00","18","05","00","12:00 - 19:59","es_hora_punta",898
"18:06:00","18","06","00","12:00 - 19:59","es_hora_punta",899
"18:07:00","18","07","00","12:00 - 19:59","es_hora_punta",900
"18:08:00","18","08","00","12:00 - 19:59","es_hora_punta",901
"18:09:00","18","09","00","12:00 - 19:59","es_hora_punta",902
"18:10:00","18","10","00","12:00 - 19:59","es_hora_punta",903
"18:11:00","18","11","00","12:00 - 19:59","es_hora_punta",904
"18:12:00","18","12","00","12:00 - 19:59","es_hora_punta",905
"18:13:00","18","13","00","12:00 - 19:59","es_hora_punta",906
"18:14:00","18","14","00","12:00 - 19:59","es_hora_punta",907
"18:15:00","18","15","00","12:00 - 19:59","es_hora_punta",908
"18:16:00","18","16","00","12:00 - 19:59","es_hora_punta",909
"18:17:00","18","17","00","12:00 - 19:59","es_hora_punta",910
"18:18:00","18","18","00","12:00 - 19:59","es_hora_punta",911
"18:19:00","18","19","00","12:00 - 19:59","es_hora_punta",912
"18:20:00","18","20","00","12:00 - 19:59","es_hora_punta",913
"18:21:00","18","21","00","12:00 - 19:59","es_hora_punta",914
"18:22:00","18","22","00","12:00 - 19:59","es_hora_punta",915
"18:23:00","18","23","00","12:00 - 19:59","es_hora_punta",916
"18:24:00","18","24","00","12:00 - 19:59","es_hora_punta",917
"18:25:00","18","25","00","12:00 - 19:59","es_hora_punta",918
"18:26:00","18","26","00","12:00 - 19:59","es_hora_punta",919
"18:27:00","18","27","00","12:00 - 19:59","es_hora_punta",920
"18:28:00","18","28","00","12:00 - 19:59","es_hora_punta",921
"18:29:00","18","29","00","12:00 - 19:59","es_hora_punta",922
"18:30:00","18","30","00","12:00 - 19:59","es_hora_punta",923
"18:31:00","18","31","00","12:00 - 19:59","es_hora_punta",924
"18:32:00","18","32","00","12:00 - 19:59","es_hora_punta",925
"18:33:00","18","33","00","12:00 - 19:59","es_hora_punta",926
"18:34:00","18","34","00","12:00 - 19:59","es_hora_punta",927
"18:35:00","18","35","00","12:00 - 19:59","es_hora_punta",928
"18:36:00","18","36","00","12:00 - 19:59","es_hora_punta",929
"18:37:00","18","37","00","12:00 - 19:59","es_hora_punta",930
"18:38:00","18","38","00","12:00 - 19:59","es_hora_punta",931
"18:39:00","18","39","00","12:00 - 19:59","es_hora_punta",932
"18:40:00","18","40","00","12:00 - 19:59","es_hora_punta",933
"18:41:00","18","41","00","12:00 - 19:59","es_hora_punta",934
"18:42:00","18","42","00","12:00 - 19:59","es_hora_punta",935
"18:43:00","18","43","00","12:00 - 19:59","es_hora_punta",936
"18:44:00","18","44","00","12:00 - 19:59","es_hora_punta",937
"18:45:00","18","45","00","12:00 - 19:59","es_hora_punta",938
"18:46:00","18","46","00","12:00 - 19:59","es_hora_punta",939
"18:47:00","18","47","00","12:00 - 19:59","es_hora_punta",940
"18:48:00","18","48","00","12:00 - 19:59","es_hora_punta",941
"18:49:00","18","49","00","12:00 - 19:59","es_hora_punta",942
"18:50:00","18","50","00","12:00 - 19:59","es_hora_punta",943
"18:51:00","18","51","00","12:00 - 19:59","es_hora_punta",944
"18:52:00","18","52","00","12:00 - 19:59","es_hora_punta",945
"18:53:00","18","53","00","12:00 - 19:59","es_hora_punta",946
"18:54:00","18","54","00","12:00 - 19:59","es_hora_punta",947
"18:55:00","18","55","00","12:00 - 19:59","es_hora_punta",948
"18:56:00","18","56","00","12:00 - 19:59","es_hora_punta",949
"18:57:00","18","57","00","12:00 - 19:59","es_hora_punta",950
"18:58:00","18","58","00","12:00 - 19:59","es_hora_punta",951
"18:59:00","18","59","00","12:00 - 19:59","es_hora_punta",952
"19:00:00","19","00","00","12:00 - 19:59","es_hora_punta",953
"19:01:00","19","01","00","12:00 - 19:59","es_hora_punta",954
"19:02:00","19","02","00","12:00 - 19:59","es_hora_punta",955
"19:03:00","19","03","00","12:00 - 19:59","es_hora_punta",956
"19:04:00","19","04","00","12:00 - 19:59","es_hora_punta",957
"19:05:00","19","05","00","12:00 - 19:59","es_hora_punta",958
"19:06:00","19","06","00","12:00 - 19:59","es_hora_punta",959
"19:07:00","19","07","00","12:00 - 19:59","es_hora_punta",960
"19:08:00","19","08","00","12:00 - 19:59","es_hora_punta",961
"19:09:00","19","09","00","12:00 - 19:59","es_hora_punta",962
"19:10:00","19","10","00","12:00 - 19:59","es_hora_punta",963
"19:11:00","19","11","00","12:00 - 19:59","es_hora_punta",964
"19:12:00","19","12","00","12:00 - 19:59","es_hora_punta",965
"19:13:00","19","13","00","12:00 - 19:59","es_hora_punta",966
"19:14:00","19","14","00","12:00 - 19:59","es_hora_punta",967
"19:15:00","19","15","00","12:00 - 19:59","es_hora_punta",968
"19:16:00","19","16","00","12:00 - 19:59","es_hora_punta",969
"19:17:00","19","17","00","12:00 - 19:59","es_hora_punta",970
"19:18:00","19","18","00","12:00 - 19:59","es_hora_punta",971
"19:19:00","19","19","00","12:00 - 19:59","es_hora_punta",972
"19:20:00","19","20","00","12:00 - 19:59","es_hora_punta",973
"19:21:00","19","21","00","12:00 - 19:59","es_hora_punta",974
"19:22:00","19","22","00","12:00 - 19:59","es_hora_punta",975
"19:23:00","19","23","00","12:00 - 19:59","es_hora_punta",976
"19:24:00","19","24","00","12:00 - 19:59","es_hora_punta",977
"19:25:00","19","25","00","12:00 - 19:59","es_hora_punta",978
"19:26:00","19","26","00","12:00 - 19:59","es_hora_punta",979
"19:27:00","19","27","00","12:00 - 19:59","es_hora_punta",980
"19:28:00","19","28","00","12:00 - 19:59","es_hora_punta",981
"19:29:00","19","29","00","12:00 - 19:59","es_hora_punta",982
"19:30:00","19","30","00","12:00 - 19:59","es_hora_punta",983
"19:31:00","19","31","00","12:00 - 19:59","es_hora_punta",984
"19:32:00","19","32","00","12:00 - 19:59","es_hora_punta",985
"19:33:00","19","33","00","12:00 - 19:59","es_hora_punta",986
"19:34:00","19","34","00","12:00 - 19:59","es_hora_punta",987
"19:35:00","19","35","00","12:00 - 19:59","es_hora_punta",988
"19:36:00","19","36","00","12:00 - 19:59","es_hora_punta",989
"19:37:00","19","37","00","12:00 - 19:59","es_hora_punta",990
"19:38:00","19","38","00","12:00 - 19:59","es_hora_punta",991
"19:39:00","19","39","00","12:00 - 19:59","es_hora_punta",992
"19:40:00","19","40","00","12:00 - 19:59","es_hora_punta",993
"19:41:00","19","41","00","12:00 - 19:59","es_hora_punta",994
"19:42:00","19","42","00","12:00 - 19:59","es_hora_punta",995
"19:43:00","19","43","00","12:00 - 19:59","es_hora_punta",996
"19:44:00","19","44","00","12:00 - 19:59","es_hora_punta",997
"19:45:00","19","45","00","12:00 - 19:59","es_hora_punta",998
"19:46:00","19","46","00","12:00 - 19:59","es_hora_punta",999
"19:47:00","19","47","00","12:00 - 19:59","es_hora_punta",1000
"19:48:00","19","48","00","12:00 - 19:59","es_hora_punta",1001
"19:49:00","19","49","00","12:00 - 19:59","es_hora_punta",1002
"19:50:00","19","50","00","12:00 - 19:59","es_hora_punta",1003
"19:51:00","19","51","00","12:00 - 19:59","es_hora_punta",1004
"19:52:00","19","52","00","12:00 - 19:59","es_hora_punta",1005
"19:53:00","19","53","00","12:00 - 19:59","es_hora_punta",1006
"19:54:00","19","54","00","12:00 - 19:59","es_hora_punta",1007
"19:55:00","19","55","00","12:00 - 19:59","es_hora_punta",1008
"19:56:00","19","56","00","12:00 - 19:59","es_hora_punta",1009
"19:57:00","19","57","00","12:00 - 19:59","es_hora_punta",1010
"19:58:00","19","58","00","12:00 - 19:59","es_hora_punta",1011
"19:59:00","19","59","00","12:00 - 19:59","es_hora_punta",1012
"20:00:00","20","00","00","20:00 - 23:59","no_es_hora_punta",1013
"20:01:00","20","01","00","20:00 - 23:59","no_es_hora_punta",1014
"20:02:00","20","02","00","20:00 - 23:59","no_es_hora_punta",1015
"20:03:00","20","03","00","20:00 - 23:59","no_es_hora_punta",1016
"20:04:00","20","04","00","20:00 - 23:59","no_es_hora_punta",1017
"20:05:00","20","05","00","20:00 - 23:59","no_es_hora_punta",1018
"20:06:00","20","06","00","20:00 - 23:59","no_es_hora_punta",1019
"20:07:00","20","07","00","20:00 - 23:59","no_es_hora_punta",1020
"20:08:00","20","08","00","20:00 - 23:59","no_es_hora_punta",1021
"20:09:00","20","09","00","20:00 - 23:59","no_es_hora_punta",1022
"20:10:00","20","10","00","20:00 - 23:59","no_es_hora_punta",1023
"20:11:00","20","11","00","20:00 - 23:59","no_es_hora_punta",1024
"20:12:00","20","12","00","20:00 - 23:59","no_es_hora_punta",1025
"20:13:00","20","13","00","20:00 - 23:59","no_es_hora_punta",1026
"20:14:00","20","14","00","20:00 - 23:59","no_es_hora_punta",1027
"20:15:00","20","15","00","20:00 - 23:59","no_es_hora_punta",1028
"20:16:00","20","16","00","20:00 - 23:59","no_es_hora_punta",1029
"20:17:00","20","17","00","20:00 - 23:59","no_es_hora_punta",1030
"20:18:00","20","18","00","20:00 - 23:59","no_es_hora_punta",1031
"20:19:00","20","19","00","20:00 - 23:59","no_es_hora_punta",1032
"20:20:00","20","20","00","20:00 - 23:59","no_es_hora_punta",1033
"20:21:00","20","21","00","20:00 - 23:59","no_es_hora_punta",1034
"20:22:00","20","22","00","20:00 - 23:59","no_es_hora_punta",1035
"20:23:00","20","23","00","20:00 - 23:59","no_es_hora_punta",1036
"20:24:00","20","24","00","20:00 - 23:59","no_es_hora_punta",1037
"20:25:00","20","25","00","20:00 - 23:59","no_es_hora_punta",1038
"20:26:00","20","26","00","20:00 - 23:59","no_es_hora_punta",1039
"20:27:00","20","27","00","20:00 - 23:59","no_es_hora_punta",1040
"20:28:00","20","28","00","20:00 - 23:59","no_es_hora_punta",1041
"20:29:00","20","29","00","20:00 - 23:59","no_es_hora_punta",1042
"20:30:00","20","30","00","20:00 - 23:59","no_es_hora_punta",1043
"20:31:00","20","31","00","20:00 - 23:59","no_es_hora_punta",1044
"20:32:00","20","32","00","20:00 - 23:59","no_es_hora_punta",1045
"20:33:00","20","33","00","20:00 - 23:59","no_es_hora_punta",1046
"20:34:00","20","34","00","20:00 - 23:59","no_es_hora_punta",1047
"20:35:00","20","35","00","20:00 - 23:59","no_es_hora_punta",1048
"20:36:00","20","36","00","20:00 - 23:59","no_es_hora_punta",1049
"20:37:00","20","37","00","20:00 - 23:59","no_es_hora_punta",1050
"20:38:00","20","38","00","20:00 - 23:59","no_es_hora_punta",1051
"20:39:00","20","39","00","20:00 - 23:59","no_es_hora_punta",1052
"20:40:00","20","40","00","20:00 - 23:59","no_es_hora_punta",1053
"20:41:00","20","41","00","20:00 - 23:59","no_es_hora_punta",1054
"20:42:00","20","42","00","20:00 - 23:59","no_es_hora_punta",1055
"20:43:00","20","43","00","20:00 - 23:59","no_es_hora_punta",1056
"20:44:00","20","44","00","20:00 - 23:59","no_es_hora_punta",1057
"20:45:00","20","45","00","20:00 - 23:59","no_es_hora_punta",1058
"20:46:00","20","46","00","20:00 - 23:59","no_es_hora_punta",1059
"20:47:00","20","47","00","20:00 - 23:59","no_es_hora_punta",1060
"20:48:00","20","48","00","20:00 - 23:59","no_es_hora_punta",1061
"20:49:00","20","49","00","20:00 - 23:59","no_es_hora_punta",1062
"20:50:00","20","50","00","20:00 - 23:59","no_es_hora_punta",1063
"20:51:00","20","51","00","20:00 - 23:59","no_es_hora_punta",1064
"20:52:00","20","52","00","20:00 - 23:59","no_es_hora_punta",1065
"20:53:00","20","53","00","20:00 - 23:59","no_es_hora_punta",1066
"20:54:00","20","54","00","20:00 - 23:59","no_es_hora_punta",1067
"20:55:00","20","55","00","20:00 - 23:59","no_es_hora_punta",1068
"20:56:00","20","56","00","20:00 - 23:59","no_es_hora_punta",1069
"20:57:00","20","57","00","20:00 - 23:59","no_es_hora_punta",1070
"20:58:00","20","58","00","20:00 - 23:59","no_es_hora_punta",1071
"20:59:00","20","59","00","20:00 - 23:59","no_es_hora_punta",1072
"21:00:00","21","00","00","20:00 - 23:59","no_es_hora_punta",1073
"21:01:00","21","01","00","20:00 - 23:59","no_es_hora_punta",1074
"21:02:00","21","02","00","20:00 - 23:59","no_es_hora_punta",1075
"21:03:00","21","03","00","20:00 - 23:59","no_es_hora_punta",1076
"21:04:00","21","04","00","20:00 - 23:59","no_es_hora_punta",1077
"21:05:00","21","05","00","20:00 - 23:59","no_es_hora_punta",1078
"21:06:00","21","06","00","20:00 - 23:59","no_es_hora_punta",1079
"21:07:00","21","07","00","20:00 - 23:59","no_es_hora_punta",1080
"21:08:00","21","08","00","20:00 - 23:59","no_es_hora_punta",1081
"21:09:00","21","09","00","20:00 - 23:59","no_es_hora_punta",1082
"21:10:00","21","10","00","20:00 - 23:59","no_es_hora_punta",1083
"21:11:00","21","11","00","20:00 - 23:59","no_es_hora_punta",1084
"21:12:00","21","12","00","20:00 - 23:59","no_es_hora_punta",1085
"21:13:00","21","13","00","20:00 - 23:59","no_es_hora_punta",1086
"21:14:00","21","14","00","20:00 - 23:59","no_es_hora_punta",1087
"21:15:00","21","15","00","20:00 - 23:59","no_es_hora_punta",1088
"21:16:00","21","16","00","20:00 - 23:59","no_es_hora_punta",1089
"21:17:00","21","17","00","20:00 - 23:59","no_es_hora_punta",1090
"21:18:00","21","18","00","20:00 - 23:59","no_es_hora_punta",1091
"21:19:00","21","19","00","20:00 - 23:59","no_es_hora_punta",1092
"21:20:00","21","20","00","20:00 - 23:59","no_es_hora_punta",1093
"21:21:00","21","21","00","20:00 - 23:59","no_es_hora_punta",1094
"21:22:00","21","22","00","20:00 - 23:59","no_es_hora_punta",1095
"21:23:00","21","23","00","20:00 - 23:59","no_es_hora_punta",1096
"21:24:00","21","24","00","20:00 - 23:59","no_es_hora_punta",1097
"21:25:00","21","25","00","20:00 - 23:59","no_es_hora_punta",1098
"21:26:00","21","26","00","20:00 - 23:59","no_es_hora_punta",1099
"21:27:00","21","27","00","20:00 - 23:59","no_es_hora_punta",1100
"21:28:00","21","28","00","20:00 - 23:59","no_es_hora_punta",1101
"21:29:00","21","29","00","20:00 - 23:59","no_es_hora_punta",1102
"21:30:00","21","30","00","20:00 - 23:59","no_es_hora_punta",1103
"21:31:00","21","31","00","20:00 - 23:59","no_es_hora_punta",1104
"21:32:00","21","32","00","20:00 - 23:59","no_es_hora_punta",1105
"21:33:00","21","33","00","20:00 - 23:59","no_es_hora_punta",1106
"21:34:00","21","34","00","20:00 - 23:59","no_es_hora_punta",1107
"21:35:00","21","35","00","20:00 - 23:59","no_es_hora_punta",1108
"21:36:00","21","36","00","20:00 - 23:59","no_es_hora_punta",1109
"21:37:00","21","37","00","20:00 - 23:59","no_es_hora_punta",1110
"21:38:00","21","38","00","20:00 - 23:59","no_es_hora_punta",1111
"21:39:00","21","39","00","20:00 - 23:59","no_es_hora_punta",1112
"21:40:00","21","40","00","20:00 - 23:59","no_es_hora_punta",1113
"21:41:00","21","41","00","20:00 - 23:59","no_es_hora_punta",1114
"21:42:00","21","42","00","20:00 - 23:59","no_es_hora_punta",1115
"21:43:00","21","43","00","20:00 - 23:59","no_es_hora_punta",1116
"21:44:00","21","44","00","20:00 - 23:59","no_es_hora_punta",1117
"21:45:00","21","45","00","20:00 - 23:59","no_es_hora_punta",1118
"21:46:00","21","46","00","20:00 - 23:59","no_es_hora_punta",1119
"21:47:00","21","47","00","20:00 - 23:59","no_es_hora_punta",1120
"21:48:00","21","48","00","20:00 - 23:59","no_es_hora_punta",1121
"21:49:00","21","49","00","20:00 - 23:59","no_es_hora_punta",1122
"21:50:00","21","50","00","20:00 - 23:59","no_es_hora_punta",1123
"21:51:00","21","51","00","20:00 - 23:59","no_es_hora_punta",1124
"21:52:00","21","52","00","20:00 - 23:59","no_es_hora_punta",1125
"21:53:00","21","53","00","20:00 - 23:59","no_es_hora_punta",1126
"21:54:00","21","54","00","20:00 - 23:59","no_es_hora_punta",1127
"21:55:00","21","55","00","20:00 - 23:59","no_es_hora_punta",1128
"21:56:00","21","56","00","20:00 - 23:59","no_es_hora_punta",1129
"21:57:00","21","57","00","20:00 - 23:59","no_es_hora_punta",1130
"21:58:00","21","58","00","20:00 - 23:59","no_es_hora_punta",1131
"21:59:00","21","59","00","20:00 - 23:59","no_es_hora_punta",1132
"22:00:00","22","00","00","20:00 - 23:59","no_es_hora_punta",1133
"22:01:00","22","01","00","20:00 - 23:59","no_es_hora_punta",1134
"22:02:00","22","02","00","20:00 - 23:59","no_es_hora_punta",1135
"22:03:00","22","03","00","20:00 - 23:59","no_es_hora_punta",1136
"22:04:00","22","04","00","20:00 - 23:59","no_es_hora_punta",1137
"22:05:00","22","05","00","20:00 - 23:59","no_es_hora_punta",1138
"22:06:00","22","06","00","20:00 - 23:59","no_es_hora_punta",1139
"22:07:00","22","07","00","20:00 - 23:59","no_es_hora_punta",1140
"22:08:00","22","08","00","20:00 - 23:59","no_es_hora_punta",1141
"22:09:00","22","09","00","20:00 - 23:59","no_es_hora_punta",1142
"22:10:00","22","10","00","20:00 - 23:59","no_es_hora_punta",1143
"22:11:00","22","11","00","20:00 - 23:59","no_es_hora_punta",1144
"22:12:00","22","12","00","20:00 - 23:59","no_es_hora_punta",1145
"22:13:00","22","13","00","20:00 - 23:59","no_es_hora_punta",1146
"22:14:00","22","14","00","20:00 - 23:59","no_es_hora_punta",1147
"22:15:00","22","15","00","20:00 - 23:59","no_es_hora_punta",1148
"22:16:00","22","16","00","20:00 - 23:59","no_es_hora_punta",1149
"22:17:00","22","17","00","20:00 - 23:59","no_es_hora_punta",1150
"22:18:00","22","18","00","20:00 - 23:59","no_es_hora_punta",1151
"22:19:00","22","19","00","20:00 - 23:59","no_es_hora_punta",1152
"22:20:00","22","20","00","20:00 - 23:59","no_es_hora_punta",1153
"22:21:00","22","21","00","20:00 - 23:59","no_es_hora_punta",1154
"22:22:00","22","22","00","20:00 - 23:59","no_es_hora_punta",1155
"22:23:00","22","23","00","20:00 - 23:59","no_es_hora_punta",1156
"22:24:00","22","24","00","20:00 - 23:59","no_es_hora_punta",1157
"22:25:00","22","25","00","20:00 - 23:59","no_es_hora_punta",1158
"22:26:00","22","26","00","20:00 - 23:59","no_es_hora_punta",1159
"22:27:00","22","27","00","20:00 - 23:59","no_es_hora_punta",1160
"22:28:00","22","28","00","20:00 - 23:59","no_es_hora_punta",1161
"22:29:00","22","29","00","20:00 - 23:59","no_es_hora_punta",1162
"22:30:00","22","30","00","20:00 - 23:59","no_es_hora_punta",1163
"22:31:00","22","31","00","20:00 - 23:59","no_es_hora_punta",1164
"22:32:00","22","32","00","20:00 - 23:59","no_es_hora_punta",1165
"22:33:00","22","33","00","20:00 - 23:59","no_es_hora_punta",1166
"22:34:00","22","34","00","20:00 - 23:59","no_es_hora_punta",1167
"22:35:00","22","35","00","20:00 - 23:59","no_es_hora_punta",1168
"22:36:00","22","36","00","20:00 - 23:59","no_es_hora_punta",1169
"22:37:00","22","37","00","20:00 - 23:59","no_es_hora_punta",1170
"22:38:00","22","38","00","20:00 - 23:59","no_es_hora_punta",1171
"22:39:00","22","39","00","20:00 - 23:59","no_es_hora_punta",1172
"22:40:00","22","40","00","20:00 - 23:59","no_es_hora_punta",1173
"22:41:00","22","41","00","20:00 - 23:59","no_es_hora_punta",1174
"22:42:00","22","42","00","20:00 - 23:59","no_es_hora_punta",1175
"22:43:00","22","43","00","20:00 - 23:59","no_es_hora_punta",1176
"22:44:00","22","44","00","20:00 - 23:59","no_es_hora_punta",1177
"22:45:00","22","45","00","20:00 - 23:59","no_es_hora_punta",1178
"22:46:00","22","46","00","20:00 - 23:59","no_es_hora_punta",1179
"22:47:00","22","47","00","20:00 - 23:59","no_es_hora_punta",1180
"22:48:00","22","48","00","20:00 - 23:59","no_es_hora_punta",1181
"22:49:00","22","49","00","20:00 - 23:59","no_es_hora_punta",1182
"22:50:00","22","50","00","20:00 - 23:59","no_es_hora_punta",1183
"22:51:00","22","51","00","20:00 - 23:59","no_es_hora_punta",1184
"22:52:00","22","52","00","20:00 - 23:59","no_es_hora_punta",1185
"22:53:00","22","53","00","20:00 - 23:59","no_es_hora_punta",1186
"22:54:00","22","54","00","20:00 - 23:59","no_es_hora_punta",1187
"22:55:00","22","55","00","20:00 - 23:59","no_es_hora_punta",1188
"22:56:00","22","56","00","20:00 - 23:59","no_es_hora_punta",1189
"22:57:00","22","57","00","20:00 - 23:59","no_es_hora_punta",1190
"22:58:00","22","58","00","20:00 - 23:59","no_es_hora_punta",1191
"22:59:00","22","59","00","20:00 - 23:59","no_es_hora_punta",1192
"23:00:00","23","00","00","20:00 - 23:59","no_es_hora_punta",1193
"23:01:00","23","01","00","20:00 - 23:59","no_es_hora_punta",1194
"23:02:00","23","02","00","20:00 - 23:59","no_es_hora_punta",1195
"23:03:00","23","03","00","20:00 - 23:59","no_es_hora_punta",1196
"23:04:00","23","04","00","20:00 - 23:59","no_es_hora_punta",1197
"23:05:00","23","05","00","20:00 - 23:59","no_es_hora_punta",1198
"23:06:00","23","06","00","20:00 - 23:59","no_es_hora_punta",1199
"23:07:00","23","07","00","20:00 - 23:59","no_es_hora_punta",1200
"23:08:00","23","08","00","20:00 - 23:59","no_es_hora_punta",1201
"23:09:00","23","09","00","20:00 - 23:59","no_es_hora_punta",1202
"23:10:00","23","10","00","20:00 - 23:59","no_es_hora_punta",1203
"23:11:00","23","11","00","20:00 - 23:59","no_es_hora_punta",1204
"23:12:00","23","12","00","20:00 - 23:59","no_es_hora_punta",1205
"23:13:00","23","13","00","20:00 - 23:59","no_es_hora_punta",1206
"23:14:00","23","14","00","20:00 - 23:59","no_es_hora_punta",1207
"23:15:00","23","15","00","20:00 - 23:59","no_es_hora_punta",1208
"23:16:00","23","16","00","20:00 - 23:59","no_es_hora_punta",1209
"23:17:00","23","17","00","20:00 - 23:59","no_es_hora_punta",1210
"23:18:00","23","18","00","20:00 - 23:59","no_es_hora_punta",1211
"23:19:00","23","19","00","20:00 - 23:59","no_es_hora_punta",1212
"23:20:00","23","20","00","20:00 - 23:59","no_es_hora_punta",1213
"23:21:00","23","21","00","20:00 - 23:59","no_es_hora_punta",1214
"23:22:00","23","22","00","20:00 - 23:59","no_es_hora_punta",1215
"23:24:00","23","24","00","20:00 - 23:59","no_es_hora_punta",1216
"23:25:00","23","25","00","20:00 - 23:59","no_es_hora_punta",1217
"23:26:00","23","26","00","20:00 - 23:59","no_es_hora_punta",1218
"23:27:00","23","27","00","20:00 - 23:59","no_es_hora_punta",1219
"23:28:00","23","28","00","20:00 - 23:59","no_es_hora_punta",1220
"23:29:00","23","29","00","20:00 - 23:59","no_es_hora_punta",1221
"23:30:00","23","30","00","20:00 - 23:59","no_es_hora_punta",1222
"23:31:00","23","31","00","20:00 - 23:59","no_es_hora_punta",1223
"23:32:00","23","32","00","20:00 - 23:59","no_es_hora_punta",1224
"23:33:00","23","33","00","20:00 - 23:59","no_es_hora_punta",1225
"23:34:00","23","34","00","20:00 - 23:59","no_es_hora_punta",1226
"23:35:00","23","35","00","20:00 - 23:59","no_es_hora_punta",1227
"23:36:00","23","36","00","20:00 - 23:59","no_es_hora_punta",1228
"23:37:00","23","37","00","20:00 - 23:59","no_es_hora_punta",1229
"23:38:00","23","38","00","20:00 - 23:59","no_es_hora_punta",1230
"23:39:00","23","39","00","20:00 - 23:59","no_es_hora_punta",1231
"23:40:00","23","40","00","20:00 - 23:59","no_es_hora_punta",1232
"23:41:00","23","41","00","20:00 - 23:59","no_es_hora_punta",1233
"23:42:00","23","42","00","20:00 - 23:59","no_es_hora_punta",1234
"23:43:00","23","43","00","20:00 - 23:59","no_es_hora_punta",1235
"23:44:00","23","44","00","20:00 - 23:59","no_es_hora_punta",1236
"23:45:00","23","45","00","20:00 - 23:59","no_es_hora_punta",1237
"23:46:00","23","46","00","20:00 - 23:59","no_es_hora_punta",1238
"23:47:00","23","47","00","20:00 - 23:59","no_es_hora_punta",1239
"23:48:00","23","48","00","20:00 - 23:59","no_es_hora_punta",1240
"23:49:00","23","49","00","20:00 - 23:59","no_es_hora_punta",1241
"23:50:00","23","50","00","20:00 - 23:59","no_es_hora_punta",1242
"23:51:00","23","51","00","20:00 - 23:59","no_es_hora_punta",1243
"23:52:00","23","52","00","20:00 - 23:59","no_es_hora_punta",1244
"23:53:00","23","53","00","20:00 - 23:59","no_es_hora_punta",1245
"23:54:00","23","54","00","20:00 - 23:59","no_es_hora_punta",1246
"23:55:00","23","55","00","20:00 - 23:59","no_es_hora_punta",1247
"23:56:00","23","56","00","20:00 - 23:59","no_es_hora_punta",1248
"23:57:00","23","57","00","20:00 - 23:59","no_es_hora_punta",1249
"23:58:00","23","58","00","20:00 - 23:59","no_es_hora_punta",1250
"23:59:00","23","59","00","20:00 - 23:59","no_es_hora_punta",1251
